DeployID,Ptt,Instr,Date,Duplicates,Satellite,LocationQuality,Latitude,Longitude,Reason,Possible Timestamp,Possible Type,Byte 0,Byte 1,Byte 2,Byte 3,Byte 4,Byte 5,Byte 6,Byte 7,Byte 8,Byte 9,Byte 10,Byte 11,Byte 12,Byte 13,Byte 14,Byte 15,Byte 16,Byte 17,Byte 18,Byte 19,Byte 20,Byte 21,Byte 22,Byte 23,Byte 24,Byte 25,Byte 26,Byte 27,Byte 28,Byte 29,Byte 30,Byte 31
177542,177542,MiniPAT,22:32:19 26-Jan-2019,,,2,-2.3844,-86.8309,CRC 10190.13578,,,242,124,238,190,72,133,114,161,126,25,68,64,0,14,217,239,238,110,4,128,109,244,97,124,68,127,196,178,204,179,136,
177542,177542,MiniPAT,22:49:14 26-Jan-2019,,,3,-2.3852,-86.8376,CRC 6858.9524,,TAD,145,172,171,50,128,2,128,0,0,0,0,0,0,0,0,0,0,0,0,0,0,0,0,192,200,0,0,,,,,
177542,177542,MiniPAT,23:13:14 26-Jan-2019,,,3,-2.3986,-86.8426,CRC 63780.60356,16:00:00 27-Dec-2018,TimeSeries,223,146,75,55,0,0,207,187,183,123,181,68,55,251,180,0,96,167,31,223,255,124,196,209,255,255,252,196,76,77,255,
177542,177542,MiniPAT,01:39:57 27-Jan-2019,,,2,-2.4238,-86.8697,CRC 48089.60821,22:00:00 10-Jan-2019,TimeSeries,219,189,156,85,96,1,114,16,0,2,0,114,102,102,26,101,0,0,0,0,2,106,171,229,0,22,102,170,170,102,32,
177542,177542,MiniPAT,02:26:40 27-Jan-2019,,,3,-2.4435,-86.8812,CRC 17189.20401,06:00:00 16-Jan-2019,TimeSeries,212,50,92,96,96,1,128,68,68,68,68,68,68,68,76,69,9,29,129,12,177,104,42,88,217,223,221,221,217,217,217,
177542,177542,MiniPAT,02:36:38 27-Jan-2019,,,3,-2.4435,-86.8812,CRC 2623.29410,22:00:00 16-Jan-2019,TimeSeries,208,163,252,97,96,1,108,0,0,0,0,0,0,0,0,0,0,0,0,1,243,43,223,166,117,208,125,177,4,42,173,
177542,177542,MiniPAT,02:38:39 27-Jan-2019,,,3,-2.4435,-86.8812,CRC 56348.54192,00:00:00 17-Jan-2019,PDT,157,193,204,98,1,0,145,81,64,177,17,97,16,113,65,75,47,161,106,140,129,234,75,9,235,34,178,89,234,0,0,
177542,177542,MiniPAT,02:48:34 27-Jan-2019,,,3,-2.4453,-86.8816,CRC 61078.17768,10:00:00 18-Jan-2019,TimeSeries,222,233,108,100,160,0,236,0,0,32,0,223,127,255,255,191,255,248,0,,,,,,,,,,,,,
177542,177542,MiniPAT,03:13:55 27-Jan-2019,,,3,-2.4566,-86.8901,CRC 2499.2179,10:40:00 03-Jan-2017,LightLoc,128,156,52,70,186,0,103,199,75,37,134,60,226,54,94,74,119,22,204,65,148,117,97,80,76,77,61,50,43,2,83,
177542,177542,MiniPAT,09:34:01 27-Jan-2019,,,3,-2.5358,-86.9381,CRC 13965.6830,18:00:00 23-Dec-2018,TimeSeries,211,104,219,47,32,3,231,119,127,4,68,68,68,77,102,164,68,68,68,68,68,68,68,68,68,68,68,68,68,69,68,
177542,177542,MiniPAT,09:44:05 27-Jan-2019,,,3,-2.5358,-86.9381,CRC,09:43:56 27-Jan-2019,Status,10,202,90,82,59,77,124,77,160,136,48,192,177,212,129,85,133,67,39,9,125,164,220,180,180,146,201,,,,,
177542,177542,MiniPAT,11:10:00 27-Jan-2019,,,3,-2.5584,-86.9549,CRC 57921.10992,14:00:00 02-Jan-2019,TimeSeries,222,36,28,68,224,2,139,191,64,0,51,117,128,2,247,119,128,7,55,115,0,0,83,52,0,17,27,191,119,0,0,
177542,177542,MiniPAT,12:52:36 27-Jan-2019,,,3,-2.5825,-86.9619,CRC,12:52:27 27-Jan-2019,Status,11,169,170,82,59,102,141,205,160,136,48,192,177,212,129,117,165,195,32,55,109,225,7,24,193,57,17,,,,,
177542,177542,MiniPAT,12:57:34 27-Jan-2019,,,3,-2.5825,-86.9619,CRC 64985.64969,02:00:00 14-Jan-2019,TimeSeries,223,221,156,92,32,1,193,196,196,68,69,68,196,76,68,76,68,76,196,196,76,76,77,84,92,76,76,76,84,76,68,
177542,177542,MiniPAT,15:55:02 27-Jan-2019,,,2,-2.6113,-86.9934,CRC 26206.46891,08:00:00 03-Dec-2018,TimeSeries,214,101,235,6,128,99,120,177,19,29,201,252,164,192,8,0,8,115,191,240,132,68,68,68,68,68,132,68,98,38,164,
177542,177542,MiniPAT,20:40:56 27-Jan-2019,,,B,-2.6575,-87.0395,CRC 54949.40634,00:00:00 01-Jan-2019,PDT,157,106,92,66,0,192,177,113,192,209,81,161,43,208,97,75,77,1,138,139,129,234,106,102,16,40,12,,,,,
177542,177542,MiniPAT,22:11:55 27-Jan-2019,,,0,-2.6228,-87.0566,CRC 48736.58707,14:00:00 10-Jan-2019,TimeSeries,219,230,12,84,224,3,104,0,0,0,0,0,4,8,16,0,0,0,0,63,251,251,187,187,128,0,64,,,,,
177542,177542,MiniPAT,22:12:54 27-Jan-2019,,,0,-2.6228,-87.0566,CRC 65206.63972,16:00:00 14-Jan-2019,TimeSeries,223,235,108,93,0,3,200,0,64,0,0,0,0,0,4,56,59,255,186,,,,,,,,,,,,,
177542,177542,MiniPAT,22:14:52 27-Jan-2019,,,0,-2.6228,-87.0566,CRC 31939.29872,11:27:30 19-Sep-2019,LightLoc,135,204,62,102,202,38,65,197,182,34,90,106,146,178,190,166,191,24,76,65,175,166,158,154,149,140,124,101,84,2,93,
177542,177542,MiniPAT,23:52:35 27-Jan-2019,,,3,-2.6521,-87.0646,CRC 28760.46615,18:00:00 20-Jan-2019,TimeSeries,215,5,140,105,32,0,198,255,255,255,247,255,255,223,255,255,221,0,0,1,175,255,255,,,,,,,,,
177542,177542,MiniPAT,00:39:18 28-Jan-2019,,,2,-2.6605,-87.0718,CRC 51594.28653,04:00:00 26-Jan-2019,TimeSeries,220,152,172,116,64,1,36,0,8,0,0,0,0,0,0,0,0,21,132,64,0,68,68,4,68,0,4,128,0,0,64,
177542,177542,MiniPAT,01:19:10 28-Jan-2019,,,A,-2.6644,-87.0803,CRC 19271.54954,04:00:00 01-Dec-2018,TimeSeries,212,180,123,2,64,0,159,183,127,251,247,20,64,0,64,4,64,13,4,68,68,68,4,69,187,255,187,115,55,183,36,
177542,177542,MiniPAT,01:20:09 28-Jan-2019,,,A,-2.6644,-87.0803,CRC 39182.2276,04:00:00 01-Aug-2019,TimeSeries,217,144,238,2,64,66,79,59,251,249,28,0,64,0,0,68,4,0,68,6,47,191,187,183,40,69,64,128,4,4,0,
177542,177542,MiniPAT,02:21:57 28-Jan-2019,,,3,-2.6733,-87.0774,CRC 57712.20212,11:00:00 13-Jan-2019,LightLoc,142,23,12,91,186,16,74,5,65,170,14,62,102,255,69,69,78,52,152,3,85,53,22,244,206,176,144,132,108,4,188,
177542,177542,MiniPAT,02:22:57 28-Jan-2019,,,3,-2.6733,-87.0774,CRC 54971.59046,12:00:00 07-Aug-2018,TimeSeries,221,107,186,14,192,1,232,204,204,204,204,205,204,204,204,204,207,191,72,140,204,196,220,204,204,205,193,201,76,204,204,
177542,177542,MiniPAT,02:25:34 28-Jan-2019,,,3,-2.6733,-87.0774,CRC 16546.841,14:00:00 07-Dec-2019,TimeSeries,212,10,47,14,224,130,1,140,229,153,153,142,101,153,141,154,89,141,153,173,142,89,133,152,217,153,187,205,185,204,191,
177542,177542,MiniPAT,02:30:59 28-Jan-2019,,,3,-2.6733,-87.0774,CRC,02:30:51 28-Jan-2019,Status,13,221,234,82,60,19,217,205,162,8,48,192,177,208,130,85,165,67,43,9,125,164,209,212,135,4,0,,,,,
177542,177542,MiniPAT,03:05:11 28-Jan-2019,,,2,-2.6775,-87.0736,CRC 860.30496,14:00:00 11-Dec-2018,TimeSeries,208,53,203,22,224,1,15,59,187,187,43,159,251,187,179,115,191,43,191,185,111,123,243,59,190,107,79,59,255,51,124,
177542,177542,MiniPAT,09:26:04 28-Jan-2019,,,3,-2.7269,-87.1080,CRC 49003.17870,02:00:00 18-Jan-2019,TimeSeries,219,246,188,100,32,1,143,123,113,0,0,0,0,0,0,0,0,0,0,0,0,2,0,67,55,123,191,187,123,128,0,
177542,177542,MiniPAT,09:31:01 28-Jan-2019,,,3,-2.7269,-87.1080,CRC 48721.47185,08:00:00 18-Jan-2019,TimeSeries,219,229,28,100,128,0,204,0,0,0,4,65,80,4,196,68,68,64,64,4,0,132,64,64,66,59,191,255,255,251,128,
177542,177542,MiniPAT,11:25:58 28-Jan-2019,,,2,-2.7353,-87.1074,CRC 56956.5749,12:00:00 26-Jan-2019,TimeSeries,221,231,204,116,192,1,64,68,68,68,68,68,68,68,68,68,68,76,68,68,68,68,68,68,68,68,68,68,68,68,68,
177542,177542,MiniPAT,12:29:40 28-Jan-2019,,,3,-2.7374,-87.1204,CRC,,Status,2,108,154,82,60,231,144,67,160,200,176,192,177,212,130,213,133,67,38,9,125,164,209,212,135,0,0,,,,,
177542,177542,MiniPAT,13:53:23 28-Jan-2019,,,3,-2.7461,-87.1248,CRC,13:53:15 28-Jan-2019,Status,15,177,154,82,60,110,167,221,161,12,48,208,51,19,32,140,5,112,126,239,157,164,209,212,135,0,0,,,,,
177542,177542,MiniPAT,13:57:21 28-Jan-2019,,,3,-2.7461,-87.1248,CRC 36805.47657,04:00:00 13-Dec-2018,TimeSeries,216,252,91,26,64,1,3,230,119,119,103,119,86,116,68,68,85,101,100,100,70,68,68,110,201,18,228,87,85,102,116,
177542,177542,MiniPAT,15:02:59 28-Jan-2019,,,2,-2.7541,-87.1325,CRC 15942.28605,16:00:00 19-Dec-2018,TimeSeries,211,228,107,39,0,3,145,153,153,153,153,181,150,25,157,153,153,153,153,153,153,153,153,162,12,0,0,25,25,98,33,
177542,177542,MiniPAT,22:13:17 28-Jan-2019,,,3,-2.7690,-87.1579,CRC 16531.8444,08:06:15 26-Dec-2018,LightLoc,132,9,59,50,206,5,33,5,45,89,137,181,220,6,42,66,98,6,8,33,152,146,137,122,108,97,85,202,64,2,113,
177542,177542,MiniPAT,23:45:47 28-Jan-2019,,,2,-2.7641,-87.1679,CRC 62838.21891,12:00:00 13-Dec-2018,TimeSeries,223,87,107,26,192,0,12,0,0,0,0,0,4,64,0,0,119,255,255,180,0,0,0,0,12,0,2,12,2,63,252,
177542,177542,MiniPAT,00:55:20 29-Jan-2019,,,2,-2.7598,-87.1722,CRC 21449.6024,02:00:00 21-Dec-2018,TimeSeries,213,60,155,42,32,1,228,0,0,0,0,0,0,0,0,0,0,0,0,0,64,0,0,0,0,92,0,,,,,
177542,177542,MiniPAT,01:50:57 29-Jan-2019,,,3,-2.7586,-87.1706,CRC 8845.23567,00:00:00 26-Dec-2018,PDT,146,40,219,52,1,0,145,17,32,176,241,64,239,241,65,45,113,33,106,109,193,170,75,97,233,202,66,41,73,96,0,
177542,177542,MiniPAT,02:30:40 29-Jan-2019,,,3,-2.7568,-87.1728,CRC 29640.16761,00:00:00 31-Dec-2018,PDT,151,60,139,62,1,0,177,114,32,209,81,225,79,112,97,138,107,161,234,10,98,41,74,34,137,41,99,9,41,32,0,
177542,177542,MiniPAT,03:49:20 29-Jan-2019,,,3,-2.7543,-87.1754,CRC 20248.64330,00:00:00 08-Jan-2019,PDT,148,241,140,80,0,192,177,146,32,209,49,225,42,160,97,75,80,33,138,43,33,202,10,32,0,0,4,,,,,
177542,177542,MiniPAT,04:20:43 29-Jan-2019,,,3,-2.7546,-87.1776,CRC 48736.15802,14:00:00 10-Sep-2019,TimeSeries,219,230,14,84,224,3,104,0,0,0,0,9,63,190,225,106,111,255,171,2,4,2,4,39,128,0,64,,,,,
177542,177542,MiniPAT,10:13:23 29-Jan-2019,,,1,-2.7454,-87.2120,CRC 24021.54740,14:00:00 17-Dec-2018,TwentyMinTimeline,85,221,91,34,224,0,237,37,163,123,251,187,164,144,209,85,21,150,247,119,123,183,123,186,38,51,115,55,51,51,48,
177542,177542,MiniPAT,11:09:06 29-Jan-2019,,,2,-2.7561,-87.2099,CRC 1870.58634,12:00:00 23-Dec-2018,TimeSeries,208,116,235,46,192,1,114,161,118,25,68,64,0,0,0,8,68,128,69,100,68,228,64,4,68,128,68,76,204,204,136,
177542,177542,MiniPAT,12:45:44 29-Jan-2019,,,3,-2.7504,-87.2152,CRC 12303.3110,10:00:00 02-Jan-2019,TimeSeries,211,0,252,68,160,2,232,8,0,0,0,4,0,68,51,187,187,0,0,0,0,1,69,81,17,17,17,159,207,255,216,
177542,177542,MiniPAT,13:41:35 29-Jan-2019,,,2,-2.7505,-87.2227,CRC 13688.47681,06:00:00 08-Jan-2019,TimeSeries,211,87,140,80,96,1,192,196,196,76,205,76,196,68,204,69,68,68,212,76,204,196,248,163,151,63,138,170,152,136,136,
177542,177542,MiniPAT,14:44:16 29-Jan-2019,,,3,-2.7460,-87.2280,CRC 10853.10789,12:00:00 14-Jan-2019,TimeSeries,210,166,92,92,192,0,108,0,0,0,0,0,0,0,0,0,0,0,0,0,0,0,0,0,0,0,51,255,251,122,52,
177542,177542,MiniPAT,14:46:15 29-Jan-2019,,,3,-2.7460,-87.2280,CRC 15119.61198,16:00:00 14-Jan-2019,TimeSeries,211,176,252,93,0,1,175,119,55,127,112,4,64,0,0,,,,,,,,,,,,,,,,,
177542,177542,MiniPAT,14:53:12 29-Jan-2019,,,3,-2.7460,-87.2280,CRC 58071.34446,00:00:00 16-Jan-2019,PDT,158,45,124,96,0,224,145,49,32,177,19,65,12,49,33,73,45,1,106,203,225,170,139,1,234,106,132,,,,,
177542,177542,MiniPAT,15:13:08 29-Jan-2019,,,3,-2.7474,-87.2312,CRC 42091.25322,00:00:00 18-Jan-2019,DivePDT,154,70,188,100,2,32,61,252,48,13,43,79,125,102,112,182,184,87,57,42,16,250,26,242,244,230,199,,,,,
177542,177542,MiniPAT,16:23:51 29-Jan-2019,,,B,-2.7438,-87.2408,CRC,16:23:42 29-Jan-2019,Status,1,231,154,82,61,130,245,78,163,8,48,192,177,212,132,117,165,67,38,8,125,36,209,212,135,128,0,,,,,
177542,177542,MiniPAT,21:50:28 29-Jan-2019,,,3,-2.7385,-87.2969,CRC 49372.56081,11:00:00 29-Dec-2018,TimeSeries,220,13,203,58,176,0,44,0,0,0,0,4,0,0,0,0,64,66,251,191,255,187,186,16,192,0,0,,,,,
177542,177542,MiniPAT,21:58:26 29-Jan-2019,,,3,-2.7385,-87.2969,CRC,21:58:17 29-Jan-2019,Status,2,232,170,82,61,175,72,205,164,200,48,192,177,212,132,213,197,67,37,9,125,164,209,212,135,2,34,,,,,
177542,177542,MiniPAT,22:55:14 29-Jan-2019,,,3,-2.7343,-87.2993,CRC 13075.46866,18:00:00 04-Jan-2019,TimeSeries,211,49,60,73,32,3,236,164,14,170,170,65,34,234,64,214,34,34,173,93,102,33,150,179,182,174,0,221,107,1,96,
177542,177542,MiniPAT,23:42:57 29-Jan-2019,,,3,-2.7285,-87.3053,CRC,23:42:49 29-Jan-2019,Status,14,234,42,82,61,189,88,205,164,8,48,192,177,213,132,246,37,67,17,9,125,164,209,212,135,0,0,,,,,
177542,177542,MiniPAT,00:22:48 30-Jan-2019,,,3,-2.7221,-87.3110,CRC 34697.44481,04:00:00 14-Jan-2019,TimeSeries,216,120,156,92,72,179,106,0,3,137,221,199,44,132,20,0,69,95,191,255,255,244,128,0,64,4,132,84,68,65,68,
177542,177542,MiniPAT,00:31:46 30-Jan-2019,,,3,-2.7221,-87.3110,CRC 22906.24009,18:00:00 14-Jan-2019,TimeSeries,213,151,172,93,32,2,108,0,0,0,0,0,0,0,128,16,255,96,0,0,0,0,47,123,191,255,255,187,76,0,0,
177542,177542,MiniPAT,00:35:44 30-Jan-2019,,,3,-2.7221,-87.3110,CRC 21750.38091,00:00:00 15-Jan-2019,PDT,149,79,108,94,1,0,145,81,64,177,49,97,43,111,33,74,236,33,138,139,1,202,74,130,42,10,3,137,201,192,0,
177542,177542,MiniPAT,01:49:54 30-Jan-2019,,,3,-2.7139,-87.3125,CRC 64151.64316,16:00:00 22-Jan-2019,TimeSeries,223,169,124,109,0,0,239,191,251,255,255,255,251,64,0,0,0,0,128,0,16,0,0,0,0,0,1,128,0,0,0,
177542,177542,MiniPAT,03:23:20 30-Jan-2019,,,1,-2.7040,-87.3176,CRC 33971.49576,14:00:00 02-Dec-2018,TimeSeries,216,75,59,4,224,67,202,76,68,64,196,132,132,132,136,72,136,164,144,204,132,133,243,255,255,68,72,68,68,72,68,
177542,177542,MiniPAT,03:24:20 30-Jan-2019,,,1,-2.7040,-87.3176,CRC 6339.36777,10:42:30 03-Jan-2019,LightLoc,129,140,60,70,186,2,57,12,229,17,115,173,242,38,94,74,119,22,204,65,148,117,97,80,76,77,61,50,43,2,83,
177542,177542,MiniPAT,03:30:17 30-Jan-2019,,,1,-2.7040,-87.3176,CRC 36955.4187,00:00:00 04-Dec-2018,PDT,153,5,187,8,0,160,177,145,224,209,113,161,17,81,97,78,145,65,171,204,224,0,0,,,,,,,,,
177542,177542,MiniPAT,03:32:19 30-Jan-2019,,,2,-2.7064,-87.3160,CRC 65414.16537,10:51:15 23-Jan-2019,LightLoc,143,248,108,110,170,9,208,137,25,93,2,62,118,162,184,214,206,10,146,69,178,170,32,156,212,129,222,66,42,2,113,
177542,177542,MiniPAT,03:33:18 30-Jan-2019,,,2,-2.7064,-87.3160,CRC,03:33:10 30-Jan-2019,Status,6,128,106,82,62,28,37,77,162,136,48,192,177,212,133,29,69,195,34,9,125,164,209,212,135,0,0,,,,,
177542,177542,MiniPAT,03:34:18 30-Jan-2019,,,2,-2.7064,-87.3160,CRC 16995.22061,00:00:00 05-Dec-2018,TimeSeries,212,38,59,10,0,67,9,4,72,68,68,72,68,68,136,136,132,72,72,132,144,140,132,196,120,196,29,148,68,72,132,
177542,177542,MiniPAT,03:38:19 30-Jan-2019,,,2,-2.7064,-87.3160,CRC 60552.47831,06:00:00 05-Dec-2018,TimeSeries,222,200,139,10,96,3,9,12,204,205,12,204,204,204,204,205,14,123,239,12,204,204,76,204,228,204,204,204,204,204,204,
177542,177542,MiniPAT,03:58:14 30-Jan-2019,,,3,-2.6994,-87.3195,CRC 23319.14065,06:00:00 07-Dec-2018,TimeSeries,213,177,123,14,96,128,164,137,8,136,136,136,136,136,136,140,136,136,136,136,136,136,200,139,12,192,223,55,206,71,103,
177542,177542,MiniPAT,04:30:10 30-Jan-2019,,,3,-2.6952,-87.3279,CRC 39541.60274,00:00:00 10-Dec-2018,PDT,153,167,91,20,1,0,177,177,192,209,145,193,17,49,129,79,145,33,170,238,65,234,76,32,14,128,134,183,41,192,0,
177542,177542,MiniPAT,04:36:08 30-Jan-2019,,,3,-2.6952,-87.3279,CRC,04:36:00 30-Jan-2019,Status,11,3,90,82,62,36,128,77,162,8,48,192,177,212,133,53,165,67,38,9,125,164,209,214,135,0,0,,,,,
177542,177542,MiniPAT,10:35:56 30-Jan-2019,,,3,-2.6696,-87.3871,CRC 20226.17586,12:00:00 12-Jan-2019,TimeSeries,212,240,44,88,192,0,236,0,0,72,4,47,255,254,247,164,64,0,64,,,,,,,,,,,,,
177542,177542,MiniPAT,11:19:43 30-Jan-2019,,,3,-2.6646,-87.3894,CRC 45052.25428,20:00:00 16-Jan-2019,TimeSeries,218,255,204,97,64,3,77,254,130,100,77,127,255,255,255,255,255,255,255,255,255,255,255,255,232,0,0,0,68,191,255,
177542,177542,MiniPAT,11:27:39 30-Jan-2019,,,3,-2.6646,-87.3894,Too short,,TimeSeries,208,74,12,,,,,,,,,,,,,,,,,,,,,,,,,,,,,
177542,177542,MiniPAT,12:25:18 30-Jan-2019,,,3,-2.6574,-87.3911,CRC 13539.41105,02:00:00 24-Jan-2019,TimeSeries,211,78,60,112,32,0,111,127,251,255,136,0,0,0,0,0,0,3,0,0,3,44,85,217,209,194,67,,,,,
177542,177542,MiniPAT,12:57:06 30-Jan-2019,,,3,-2.6501,-87.3942,CRC 5019.6955,20:00:00 29-Nov-2018,PDT,145,57,186,251,64,128,177,146,0,241,113,129,177,81,97,110,177,96,0,,,,,,,,,,,,,
177542,177542,MiniPAT,13:17:00 30-Jan-2019,,,B,-2.6496,-87.3937,CRC 31224.16831,20:00:00 30-Nov-2018,PDT,151,159,138,253,64,66,170,121,14,7,4,72,159,175,17,183,9,127,153,92,195,205,223,255,215,16,17,17,17,17,16,
177542,177542,MiniPAT,13:56:50 30-Jan-2019,,,2,-2.6493,-87.3945,CRC 4187.3031,00:00:00 04-Dec-2018,PDT,145,5,187,8,0,160,181,145,224,216,213,161,7,49,97,78,145,65,171,204,224,0,0,,,,,,,,,
177542,177542,MiniPAT,16:04:30 30-Jan-2019,,,A,-2.6152,-87.4163,CRC 61101.61778,08:00:00 17-Dec-2018,TimeSeries,222,234,219,34,128,0,44,72,68,68,0,64,136,88,103,55,72,0,0,65,30,191,191,255,255,251,63,255,248,0,0,
177542,177542,MiniPAT,16:40:24 30-Jan-2019,,,1,-2.6141,-87.4263,CRC 6619.25235,06:00:00 21-Dec-2018,TimeSeries,209,157,187,42,96,0,164,0,0,0,0,0,0,0,0,130,0,128,144,,,,,,,,,,,,,
177542,177542,MiniPAT,01:39:21 31-Jan-2019,,,3,-2.5490,-87.5557,CRC 65008.20655,00:00:00 16-Dec-2018,PDT,159,223,11,32,1,0,177,113,160,241,113,129,108,80,33,233,233,226,137,105,98,233,41,35,136,72,196,13,140,130,0,
177542,177542,MiniPAT,02:30:09 31-Jan-2019,,,3,-2.5426,-87.5588,CRC 51907.8180,14:00:00 21-Dec-2018,TimeSeries,220,172,59,42,224,0,239,255,251,255,187,187,255,251,181,234,98,32,95,34,33,34,34,34,35,127,251,144,0,0,0,
177542,177542,MiniPAT,03:20:12 31-Jan-2019,,,1,-2.5575,-87.5867,CRC 60811.21898,16:00:00 23-Dec-2018,TimeSeries,222,216,187,47,0,2,136,0,0,0,0,0,0,0,0,0,42,166,181,153,102,38,166,170,106,106,101,36,170,102,36,
177542,177542,MiniPAT,03:28:11 31-Jan-2019,,,1,-2.5575,-87.5867,CRC 1081.57,00:00:00 25-Dec-2018,PDT,144,67,155,50,1,0,177,17,65,13,241,33,44,113,33,138,77,98,10,74,66,169,105,99,9,41,35,73,9,0,0,
177542,177542,MiniPAT,03:32:11 31-Jan-2019,,,3,-2.5419,-87.5648,CRC 26207.8228,04:00:00 25-Dec-2018,TimeSeries,214,101,251,50,64,0,228,0,0,0,64,0,0,0,1,64,32,128,25,145,97,247,215,207,255,255,255,255,255,249,255,
177542,177542,MiniPAT,04:09:55 31-Jan-2019,,,3,-2.5357,-87.5673,CRC 27843.44150,11:27:30 17-Jul-2019,LightLoc,134,204,61,226,202,38,65,133,182,34,90,106,146,178,190,166,191,24,76,65,175,166,158,155,149,140,124,101,84,2,93,
177542,177542,MiniPAT,12:33:23 31-Jan-2019,,,3,-2.4941,-87.6565,CRC 60437.52245,00:00:00 21-Dec-2018,TimeSeries,222,193,91,42,0,1,72,0,0,0,0,0,0,0,0,0,0,0,0,0,0,0,0,39,64,0,0,,,,,
177542,177542,MiniPAT,13:40:01 31-Jan-2019,,,3,-2.4849,-87.6670,CRC 36771.24484,10:00:00 27-Dec-2018,TimeSeries,216,250,59,54,160,0,76,0,0,0,0,0,0,211,24,4,4,136,89,26,187,187,119,191,187,243,127,251,64,0,0,
177542,177542,MiniPAT,14:08:53 31-Jan-2019,,,B,-2.4798,-87.6747,CRC 29064.54890,00:00:00 31-Dec-2018,PDT,151,24,139,62,1,0,177,114,32,241,81,225,75,112,233,138,123,175,170,10,98,49,73,235,187,13,67,41,41,32,0,
177542,177542,MiniPAT,14:25:48 31-Jan-2019,,,3,-2.4784,-87.6735,CRC 10588.10602,22:00:00 31-Dec-2018,TimeSeries,210,149,203,63,96,0,111,183,175,123,119,127,0,0,0,0,0,0,0,0,0,0,3,243,251,186,144,1,44,191,181,
177542,177542,MiniPAT,14:43:45 31-Jan-2019,,,3,-2.4779,-87.6778,CRC 12154.31602,18:00:00 02-Jan-2019,TimeSeries,210,247,172,69,32,0,80,0,0,1,226,32,0,34,34,38,64,38,0,1,226,34,33,0,92,162,34,32,160,162,192,
177542,177542,MiniPAT,15:48:31 31-Jan-2019,,,3,-2.4788,-87.6887,CRC 17956.52773,00:00:00 10-Jan-2019,TwentyMinTimeline,84,98,76,84,0,1,195,132,68,68,68,68,68,68,68,68,68,68,68,68,68,68,68,68,68,68,68,68,68,68,68,
177542,177542,MiniPAT,21:34:36 31-Jan-2019,,,3,-2.4827,-87.7555,CRC 45274.28995,22:00:00 15-Dec-2018,TimeSeries,219,13,171,31,96,2,44,0,0,0,0,42,179,51,55,51,191,51,83,243,51,183,119,119,36,0,0,,,,,
177542,177542,MiniPAT,23:12:50 31-Jan-2019,,,3,-2.4886,-87.7768,CRC 8717.8472,00:00:00 26-Dec-2018,PDT,146,32,219,52,1,0,145,17,32,176,241,64,239,241,65,45,113,33,106,237,193,170,75,97,207,30,154,29,253,244,63,
177542,177542,MiniPAT,01:07:06 01-Feb-2019,,,3,-2.4960,-87.8063,CRC 57445.33822,11:28:45 26-Jan-2019,LightLoc,142,6,92,116,122,39,48,133,141,214,30,82,110,142,162,174,179,30,12,65,172,165,1,151,131,101,223,80,85,2,85,
177542,177542,MiniPAT,02:06:41 01-Feb-2019,,,1,-2.4988,-87.8203,CRC 9662.26043,11:02:30 22-Dec-2018,LightLoc,130,91,235,44,154,18,49,5,153,218,26,70,102,130,150,170,167,18,204,33,170,163,158,150,137,115,98,82,66,2,101,
177542,177542,MiniPAT,02:14:38 01-Feb-2019,,,1,-2.4988,-87.8203,CRC 62758.29752,10:50:00 11-Dec-2018,LightLoc,143,82,107,22,106,8,49,5,81,141,206,18,74,110,138,158,179,18,140,97,159,154,146,134,116,99,86,80,70,2,94,
177542,177542,MiniPAT,02:43:30 01-Feb-2019,,,3,-2.4982,-87.8235,CRC,02:43:21 01-Feb-2019,Status,14,232,10,82,65,21,106,205,162,72,48,192,185,212,135,213,197,67,36,9,125,164,209,212,135,0,0,,,,,
177542,177542,MiniPAT,02:47:30 01-Feb-2019,,,3,-2.4982,-87.8235,CRC 56348.36878,08:00:00 25-Jan-2019,PDT,157,193,204,114,129,60,178,5,32,204,233,97,16,241,97,75,47,161,106,140,225,170,73,193,234,42,130,73,234,0,0,
177542,177542,MiniPAT,02:48:29 01-Feb-2019,,,3,-2.4982,-87.8235,CRC 58473.14429,00:00:00 18-Jan-2019,PDT,158,70,156,100,0,224,176,241,96,209,81,97,16,49,65,110,140,161,139,203,225,202,42,227,230,15,191,,,,,
177542,177542,MiniPAT,04:20:03 01-Feb-2019,,,2,-2.5013,-87.8463,CRC 569.53800,00:00:00 26-Jan-2019,PDT,144,35,156,116,0,192,176,113,32,207,241,1,44,31,129,106,173,97,138,107,161,234,170,192,0,0,0,,,,,
177542,177542,MiniPAT,04:23:01 01-Feb-2019,,,2,-2.5013,-87.8463,CRC 26699.30747,20:00:00 29-Nov-2018,TimeSeries,214,132,186,251,66,6,136,60,60,60,44,60,60,60,56,102,243,51,51,51,51,51,51,63,255,255,255,255,255,255,252,
177542,177542,MiniPAT,04:27:01 01-Feb-2019,,,2,-2.5013,-87.8463,CRC 20497.31189,16:00:00 30-Nov-2018,TimeSeries,213,1,26,253,3,166,203,255,251,59,59,187,187,182,123,187,123,119,119,119,39,47,119,115,191,119,119,123,187,28,50,
177542,177542,MiniPAT,04:54:53 01-Feb-2019,,,B,-2.5026,-87.8553,CRC 1527.40606,12:00:00 01-Dec-2018,TimeSeries,208,95,123,2,192,3,74,4,4,132,6,202,164,196,136,102,102,15,107,255,117,4,72,64,68,100,72,136,134,130,30,
177542,177542,MiniPAT,10:27:06 01-Feb-2019,,,2,-2.5100,-87.9129,CRC 21499.46832,14:00:00 04-Jan-2019,TimeSeries,213,63,188,72,224,0,44,0,0,26,76,0,0,8,0,0,2,250,255,171,183,255,183,187,184,0,2,175,187,170,96,
177542,177542,MiniPAT,10:19:09 01-Feb-2019,,,2,-2.5094,-87.9080,CRC 53337.54238,04:00:00 04-Jan-2019,TimeSeries,221,5,156,72,64,0,128,204,204,204,204,204,204,204,204,204,204,74,114,102,54,34,102,54,102,103,103,118,34,38,55,
177542,177542,MiniPAT,10:22:08 01-Feb-2019,,,2,-2.5094,-87.9080,CRC 6885.42340,08:00:00 04-Jan-2019,TimeSeries,209,174,92,72,128,0,136,68,68,68,132,71,196,68,68,68,68,68,68,100,68,68,68,68,69,20,68,68,68,68,68,
177542,177542,MiniPAT,11:28:55 01-Feb-2019,,,3,-2.5115,-87.9192,CRC 64202.31434,18:00:00 10-Jan-2019,TimeSeries,223,172,172,85,32,2,8,0,0,0,0,0,0,0,0,0,0,0,0,3,191,252,0,,,,,,,,,
177542,177542,MiniPAT,11:34:53 01-Feb-2019,,,3,-2.5115,-87.9192,CRC 50391.4502,00:00:00 12-Jan-2019,TimeSeries,220,77,124,88,0,2,42,42,55,216,0,0,0,0,0,0,0,4,64,0,0,64,4,68,0,0,0,,,,,
177542,177542,MiniPAT,11:35:52 01-Feb-2019,,,3,-2.5115,-87.9192,CRC 55883.23415,10:50:00 31-Dec-2018,LightLoc,141,164,187,62,186,8,67,21,63,62,22,150,22,121,148,158,154,20,12,97,162,156,181,118,97,84,77,68,50,2,111,
177542,177542,MiniPAT,11:53:44 01-Feb-2019,,,3,-2.5116,-87.9262,CRC 61138.53439,00:00:00 14-Jan-2019,PDT,158,237,44,92,0,232,48,241,160,208,209,65,43,47,65,74,236,65,138,139,1,218,40,162,41,233,224,,,,,
177542,177542,MiniPAT,12:04:40 01-Feb-2019,,,2,-2.5148,-87.9274,CRC 18909.42214,14:00:00 15-Jan-2019,TwentyMinTimeline,84,157,220,94,224,3,139,249,75,103,123,123,183,251,123,23,212,1,4,128,8,34,0,0,0,0,0,0,2,57,124,
177542,177542,MiniPAT,12:38:32 01-Feb-2019,,,1,-2.5186,-87.9329,CRC 47185.21361,08:00:00 18-Jan-2019,TimeSeries,219,133,28,100,128,0,204,0,0,0,4,65,80,4,196,68,68,64,64,68,7,254,16,113,236,247,94,255,255,247,1,
177542,177542,MiniPAT,15:20:50 01-Feb-2019,,,1,-2.5198,-87.9613,CRC 44048.2811,18:00:00 05-Dec-2018,TimeSeries,218,193,11,11,32,64,41,81,12,205,17,16,205,17,17,16,200,217,134,16,10,127,148,128,136,151,14,146,54,163,156,
177542,177542,MiniPAT,15:26:48 01-Feb-2019,,,1,-2.5198,-87.9613,CRC 6040.25694,,,129,121,131,146,128,127,148,209,169,105,225,203,225,134,120,32,135,15,216,129,191,162,153,137,116,93,73,58,46,2,111,
177542,177542,MiniPAT,15:29:47 01-Feb-2019,,,1,-2.5198,-87.9613,CRC 28057.2236,,TimeSeries,214,217,152,14,64,3,136,136,210,115,255,221,39,55,191,191,255,160,136,200,200,204,136,144,200,140,136,204,134,152,72,
177542,177542,MiniPAT,16:32:41 01-Feb-2019,,,3,-2.5245,-87.9770,CRC 6007.8568,10:00:00 13-Dec-2018,TimeSeries,209,119,123,26,160,3,200,68,51,190,212,20,208,28,0,87,245,240,103,87,23,221,62,164,172,255,31,185,131,162,44,
177542,177542,MiniPAT,16:34:40 01-Feb-2019,,,3,-2.5245,-87.9770,CRC 27918.32482,10:45:00 01-Jan-2019,LightLoc,134,208,236,66,186,4,64,132,205,33,121,242,58,118,154,178,199,19,16,97,178,166,156,144,121,95,78,66,50,2,100,
177542,177542,MiniPAT,00:40:29 02-Feb-2019,,,3,-2.5118,-88.0795,CRC,00:40:21 02-Feb-2019,Status,10,83,218,82,66,5,10,207,162,136,48,192,177,212,137,22,5,67,23,9,125,164,209,212,135,0,0,,,,,
177542,177542,MiniPAT,01:41:21 02-Feb-2019,,,3,-2.5157,-88.0918,CRC 42147.44195,14:00:00 09-Dec-2018,TimeSeries,218,74,59,18,224,0,76,68,68,68,140,171,59,255,255,191,191,0,68,68,68,68,132,68,68,136,72,68,70,183,252,
177542,177542,MiniPAT,01:47:21 02-Feb-2019,,,3,-2.5157,-88.0918,CRC 23487.40053,22:00:00 09-Dec-2018,TimeSeries,213,187,251,19,96,0,112,30,171,127,38,78,234,102,102,102,102,102,102,115,182,230,202,170,166,166,102,102,98,102,100,
177542,177542,MiniPAT,02:22:14 02-Feb-2019,,,B,-2.5170,-88.1009,CRC 9678.50528,19:00:00 13-Dec-2018,TimeSeries,210,92,235,27,48,0,235,190,255,0,0,132,0,127,189,222,115,111,255,246,65,15,159,,,,,,,,,
177542,177542,MiniPAT,02:50:06 02-Feb-2019,,,3,-2.5136,-88.1059,CRC 1805.38669,00:00:00 17-Dec-2018,TimeSeries,208,112,219,34,0,1,64,69,4,68,68,80,68,81,4,80,68,80,69,209,17,5,221,197,16,109,16,80,69,18,4,
177542,177542,MiniPAT,02:58:06 02-Feb-2019,,,3,-2.5136,-88.1059,CRC 3333.53081,12:00:00 17-Dec-2018,TimeSeries,208,208,91,34,196,17,229,195,113,115,7,51,56,143,158,119,140,171,140,99,17,156,49,203,103,110,238,137,33,162,169,
177542,177542,MiniPAT,04:38:15 02-Feb-2019,,,1,-2.5291,-88.1476,CRC 21111.19200,00:00:00 23-Dec-2018,TimeSeries,213,39,123,46,0,0,68,204,140,204,192,220,106,56,100,204,204,204,236,204,204,200,236,204,76,76,204,204,204,204,236,
177542,177542,MiniPAT,10:13:34 02-Feb-2019,,,3,-2.5078,-88.1766,CRC 40907.59444,22:00:00 24-Jan-2019,TimeSeries,217,252,188,113,96,1,12,0,0,12,6,156,20,66,198,2,191,57,220,100,182,70,121,104,115,218,109,48,138,238,47,
177542,177542,MiniPAT,11:04:26 02-Feb-2019,,,1,-2.5099,-88.1870,CRC 453.46310,10:57:30 17-Aug-2018,LightLoc,128,28,90,34,202,14,65,5,137,222,46,98,138,154,198,194,191,14,80,97,170,162,161,155,144,123,118,85,74,2,106,
177542,177542,MiniPAT,11:22:22 02-Feb-2019,,,3,-2.5096,-88.1888,CRC 61696.34775,10:00:00 03-Dec-2018,TimeSeries,223,16,11,6,160,128,77,217,93,136,68,68,35,123,119,118,196,64,4,72,68,4,68,64,68,34,251,255,72,32,68,
177542,177542,MiniPAT,12:45:03 02-Feb-2019,,,2,-2.5097,-88.2012,CRC 33072.65330,16:00:00 11-Dec-2018,TimeSeries,216,19,11,23,0,1,207,174,183,187,187,106,166,170,238,243,187,170,239,187,187,187,170,183,246,174,238,243,59,118,236,
177542,177542,MiniPAT,22:27:54 02-Feb-2019,,,2,-2.5777,-88.2997,CRC 33569.1337,,TimeSeries,216,50,24,241,255,254,66,81,72,8,137,234,166,170,238,243,187,170,239,59,187,187,170,183,246,174,238,243,59,118,236,
177542,177542,MiniPAT,00:07:16 03-Feb-2019,,,3,-2.6044,-88.3170,CRC 59211.10208,20:00:00 21-Dec-2018,TimeSeries,222,116,187,43,64,1,174,55,251,119,119,119,119,64,0,1,157,222,55,187,155,119,68,0,0,17,128,0,0,1,224,
177542,177542,MiniPAT,01:13:48 03-Feb-2019,,,3,-2.6168,-88.3266,CRC 58941.59381,02:00:00 29-Dec-2018,TimeSeries,222,99,219,58,32,2,72,0,4,136,4,132,140,212,77,127,255,128,0,0,0,0,0,0,0,0,8,128,0,0,4,
177542,177542,MiniPAT,01:15:47 03-Feb-2019,,,3,-2.6194,-88.3337,CRC 17041.28746,10:46:15 29-Dec-2018,LightLoc,132,41,27,58,202,5,33,5,45,89,137,165,222,6,10,66,103,22,8,33,152,146,137,122,108,96,85,72,64,2,113,
177542,177542,MiniPAT,03:38:43 03-Feb-2019,,,2,-2.6503,-88.3539,CRC 56139.33287,10:50:00 30-Dec-2018,LightLoc,141,180,187,60,186,8,65,5,45,134,6,50,86,122,150,158,151,4,12,69,162,157,145,119,97,86,72,68,38,194,71,
177542,177542,MiniPAT,04:19:31 03-Feb-2019,,,3,-2.6565,-88.3630,CRC 422.16694,18:00:00 16-Sep-2019,TimeSeries,208,26,110,97,32,1,64,68,68,68,77,68,68,68,68,68,100,68,68,68,196,68,68,68,68,68,68,68,68,68,68,
177542,177542,MiniPAT,11:00:38 03-Feb-2019,,,3,-2.7838,-88.3878,CRC,02:18:04 26-May-2019,Status,10,23,12,90,186,18,66,5,65,170,14,63,254,130,162,34,39,24,72,65,170,92,139,123,163,152,78,3,62,2,122,
177542,177542,MiniPAT,11:40:24 03-Feb-2019,,,3,-2.7930,-88.3921,CRC 4116.65445,,,129,1,76,120,51,195,59,10,203,124,100,213,53,125,165,189,198,55,32,67,111,103,75,59,22,240,204,160,126,4,145,
177542,177542,MiniPAT,12:42:59 03-Feb-2019,,,3,-2.8069,-88.4008,CRC 30923.47308,16:00:00 08-Jan-2019,TimeSeries,215,140,188,81,0,3,136,0,0,0,3,187,191,175,255,255,251,255,248,0,0,59,85,64,68,19,42,18,34,51,248,
177542,177542,MiniPAT,13:38:46 03-Feb-2019,,,1,-2.8240,-88.4037,Too short,,TimeSeries,209,110,204,,,,,,,,,,,,,,,,,,,,,,,,,,,,,
177542,177542,MiniPAT,14:08:33 03-Feb-2019,,,2,-2.8282,-88.4090,CRC 42683.20108,00:00:00 22-Jan-2019,PDT,154,107,188,108,0,224,176,241,96,209,81,97,16,113,65,106,140,161,138,75,225,202,42,226,42,10,0,,,,,
177542,177542,MiniPAT,14:37:21 03-Feb-2019,,,2,-2.8364,-88.4119,CRC 895.27568,10:00:00 20-Mar-2019,TimeSeries,208,55,252,232,160,1,240,0,0,0,0,0,0,0,0,64,0,0,0,0,0,0,0,2,0,0,0,2,34,38,120,
177542,177542,MiniPAT,14:40:19 03-Feb-2019,,,2,-2.8364,-88.4119,CRC 38259.21767,14:00:00 20-Jan-2019,TimeSeries,217,87,60,104,224,0,236,0,0,0,0,0,0,0,0,0,0,0,128,24,2,128,35,125,255,123,251,,,,,
177542,177542,MiniPAT,14:48:22 03-Feb-2019,,,2,-2.8364,-88.4119,CRC 40346.23941,00:00:00 22-Jan-2019,PDT,153,217,172,108,0,192,176,241,96,208,209,65,44,176,129,106,205,225,138,171,193,106,10,32,0,0,0,,,,,
177542,177542,MiniPAT,14:49:21 03-Feb-2019,,,2,-2.8364,-88.4119,CRC 26743.43510,00:00:00 22-Jan-2019,TimeSeries,214,135,124,108,0,0,204,0,0,16,6,59,255,255,187,187,88,0,0,0,0,4,2,,,,,,,,,
177542,177542,MiniPAT,16:25:31 03-Feb-2019,,,3,-2.8639,-88.4212,CRC 29831.62662,00:00:00 03-Dec-2018,TimeSeries,215,72,123,6,0,195,73,136,136,200,132,204,196,153,153,149,21,25,81,83,255,236,203,127,251,16,68,136,136,136,68,
177542,177542,MiniPAT,21:00:00 03-Feb-2019,,,1,-2.9183,-88.4245,CRC 48362.1496,04:00:00 31-Dec-2018,TimeSeries,219,206,171,62,64,0,192,136,136,136,136,136,146,200,42,88,136,137,192,128,136,152,156,129,136,136,137,136,156,137,200,
177542,177542,MiniPAT,21:01:00 03-Feb-2019,,,1,-2.9183,-88.4245,CRC 65258.47602,,,143,238,171,195,192,124,60,124,60,60,7,131,168,240,60,62,56,47,79,231,177,193,227,222,133,167,197,97,120,104,112,
177542,177542,MiniPAT,21:02:00 03-Feb-2019,,,1,-2.9183,-88.4245,CRC 49274.24631,06:00:00 31-Dec-2018,TimeSeries,220,7,171,62,96,1,128,100,68,68,68,196,68,68,68,68,88,68,68,196,68,68,90,76,65,132,68,68,68,68,196,
177542,177542,MiniPAT,23:14:03 03-Feb-2019,,,1,-2.9621,-88.4232,CRC 44405.41082,00:00:00 14-Jan-2019,TimeSeries,218,215,92,92,0,0,15,183,255,255,64,72,8,68,0,16,0,0,65,0,0,4,64,4,64,0,0,0,0,0,4,
177542,177542,MiniPAT,23:19:00 03-Feb-2019,,,1,-2.9621,-88.4232,CRC 63748.61246,06:00:00 14-Jan-2019,TimeSeries,223,144,76,92,96,2,168,4,64,0,68,4,0,36,4,0,8,20,4,100,68,64,84,4,68,68,76,83,127,253,0,
177542,177542,MiniPAT,23:28:57 03-Feb-2019,,,3,-2.9665,-88.4295,CRC 24005.15716,20:00:00 14-Jan-2019,TimeSeries,213,220,92,93,64,1,12,0,0,0,2,35,123,187,191,183,183,119,0,0,0,3,55,191,251,113,192,,,,,
177542,177542,MiniPAT,01:10:31 04-Feb-2019,,,3,-3.0002,-88.4245,CRC 23750.61312,02:00:00 26-Jan-2019,TimeSeries,213,204,108,116,32,0,44,0,0,4,64,68,43,255,255,255,251,251,251,208,68,6,8,,,,,,,,,
177542,177542,MiniPAT,03:46:19 04-Feb-2019,,,3,-3.0472,-88.4189,CRC,03:42:10 04-Feb-2019,Status,9,106,58,82,68,29,69,77,162,72,48,192,177,212,140,21,197,67,39,9,125,164,209,212,135,0,0,,,,,
177542,177542,MiniPAT,04:32:55 04-Feb-2019,,,3,-3.0591,-88.4172,CRC 3333.22394,21:00:00 17-Dec-2018,TimeSeries,208,208,91,35,89,193,236,54,51,118,41,23,119,215,255,254,251,95,255,171,119,119,127,21,179,183,119,68,144,209,84,
177542,177542,MiniPAT,10:29:55 04-Feb-2019,,,1,-3.0979,-88.4040,CRC 54187.62667,22:00:00 22-Jan-2019,TimeSeries,221,58,188,109,96,0,204,0,0,0,0,0,0,0,0,0,0,62,255,254,219,120,0,,,,,,,,,
177542,177542,MiniPAT,13:40:46 04-Feb-2019,,,2,-3.1333,-88.4035,CRC 21414.1113,20:00:00 13-Dec-2018,TimeSeries,213,58,107,27,72,2,44,0,0,0,0,0,35,51,55,119,118,128,0,0,0,0,0,0,0,0,2,183,119,119,116,
177542,177542,MiniPAT,13:48:48 04-Feb-2019,,,3,-3.1333,-88.4056,CRC 22027.23667,04:00:00 15-Dec-2018,TimeSeries,213,96,187,30,64,65,192,205,154,89,141,153,165,153,154,102,88,217,166,102,102,101,141,142,78,89,164,89,172,216,216,
177542,177542,MiniPAT,13:51:46 04-Feb-2019,,,3,-3.1333,-88.4056,CRC 39519.23675,06:00:00 15-Dec-2018,TimeSeries,217,165,251,30,96,2,200,68,136,72,132,68,132,136,68,132,68,136,72,4,76,134,253,196,68,76,69,92,68,68,76,
177542,177542,MiniPAT,13:46:44 04-Feb-2019,,,2,-3.1320,-88.4046,CRC 37310.61689,00:00:00 15-Dec-2018,TimeSeries,217,27,235,30,0,1,68,4,0,16,8,136,68,128,136,72,136,140,136,200,72,136,137,4,12,136,136,143,141,232,226,
177542,177542,MiniPAT,14:54:32 04-Feb-2019,,,2,-3.1512,-88.4105,CRC 32753.57790,12:00:00 21-Dec-2018,TimeSeries,215,255,27,42,192,1,109,170,38,119,187,183,116,157,226,22,107,187,119,106,35,119,187,187,119,69,221,226,34,33,239,
177542,177542,MiniPAT,14:59:34 04-Feb-2019,,,2,-3.1512,-88.4105,CRC 59211.27119,,TimeSeries,222,116,187,107,72,1,174,55,251,115,119,119,119,64,1,1,210,75,45,187,190,43,36,10,64,150,196,4,155,99,243,
177542,177542,MiniPAT,15:30:22 04-Feb-2019,,,3,-3.1652,-88.4048,CRC 6858.25476,08:00:00 25-Dec-2018,TimeSeries,209,172,171,50,128,2,128,0,0,0,0,0,2,16,0,0,0,0,0,0,0,0,0,65,141,112,253,,,,,
177542,177542,MiniPAT,16:00:11 04-Feb-2019,,,2,-3.1754,-88.3998,CRC 27802.48267,22:00:00 27-Dec-2018,TimeSeries,214,201,171,55,96,1,174,115,50,192,43,55,46,254,175,50,234,234,247,51,255,183,119,114,47,55,24,,,,,
177542,177542,MiniPAT,16:01:10 04-Feb-2019,,,2,-3.1754,-88.3998,CRC 53034.26115,13:47:30 21-Dec-2019,LightLoc,140,242,175,42,106,150,49,21,133,205,254,34,62,82,110,162,157,14,84,97,173,155,131,144,151,103,101,93,77,2,105,
177542,177542,MiniPAT,16:09:13 04-Feb-2019,,,2,-3.1754,-88.3998,CRC 17617.24751,21:31:15 25-Dec-2018,LightLoc,132,77,27,50,188,9,49,20,83,141,206,7,123,227,93,67,71,237,1,133,206,16,148,220,77,19,97,82,89,255,93,
177542,177542,MiniPAT,16:30:07 04-Feb-2019,,,2,-3.1786,-88.3975,CRC 34528.4643,10:00:00 31-Dec-2018,TimeSeries,216,110,11,62,160,0,12,4,4,132,68,132,64,74,47,175,255,239,233,128,0,0,0,,,,,,,,,
177542,177542,MiniPAT,16:32:05 04-Feb-2019,,,2,-3.1786,-88.3975,CRC 25598.40491,14:00:00 31-Dec-2018,TimeSeries,214,63,235,62,224,1,48,12,21,26,101,81,16,205,89,217,159,169,5,72,136,136,136,136,140,204,204,205,12,214,168,
177542,177542,MiniPAT,20:48:51 04-Feb-2019,,,B,-3.2536,-88.3791,CRC,20:48:34 04-Feb-2019,Status,8,97,26,82,68,166,17,77,162,72,58,192,185,204,133,20,207,11,11,11,55,229,209,220,135,128,2,,,,,
177542,177542,MiniPAT,00:10:58 05-Feb-2019,,,1,-3.3574,-88.3548,CRC 7330.31318,,,193,202,44,114,218,34,48,133,113,190,6,70,114,146,170,198,211,29,140,65,174,168,156,139,131,121,102,83,71,76,85,
177542,177542,MiniPAT,03:03:01 05-Feb-2019,,,3,-3.4069,-88.3322,CRC 21824.21978,00:00:00 05-Jan-2019,PDT,149,84,12,74,0,160,177,145,224,209,177,225,15,177,225,75,80,1,170,10,66,88,0,,,,,,,,,
177542,177542,MiniPAT,11:08:24 05-Feb-2019,,,3,-3.4444,-88.3103,CRC 2868.52004,22:00:00 25-Dec-2018,TimeSeries,208,179,75,51,96,1,146,34,80,0,0,0,21,32,64,0,0,1,34,34,35,34,166,170,92,0,0,,,,,
177542,177542,MiniPAT,11:12:22 05-Feb-2019,,,3,-3.4444,-88.3103,CRC 61719.9462,,,255,17,127,8,0,1,104,0,0,0,0,0,0,0,0,0,0,0,0,0,0,4,0,0,0,4,16,0,1,61,192,
177542,177542,MiniPAT,11:25:17 05-Feb-2019,,,3,-3.4478,-88.3106,CRC 24837.20737,20:00:00 27-Dec-2018,TimeSeries,214,16,91,55,64,2,136,0,0,0,0,0,0,0,0,0,115,183,119,123,255,255,64,64,51,127,255,255,255,255,248,
177542,177542,MiniPAT,13:59:01 05-Feb-2019,,,B,-3.4624,-88.3030,CRC 15064.50386,,DiveDuration,147,173,140,89,32,8,172,0,0,3,255,255,251,185,128,0,0,0,0,40,0,0,0,64,11,58,255,255,182,128,0,
177542,177542,MiniPAT,15:01:37 05-Feb-2019,,,3,-3.4673,-88.3005,CRC 52522.1745,08:27:30 21-Dec-2018,LightLoc,140,210,171,40,110,22,49,5,133,205,254,34,62,82,110,162,159,14,80,97,173,155,146,144,151,119,101,93,77,2,105,
177542,177542,MiniPAT,15:04:35 05-Feb-2019,,,3,-3.4673,-88.3005,CRC 4262.53351,00:00:00 20-Jan-2019,TimeSeries,209,10,108,104,0,0,76,0,3,183,255,255,251,118,3,59,187,187,119,119,117,0,3,119,187,183,187,187,187,191,249,
177542,177542,MiniPAT,15:48:19 05-Feb-2019,,,2,-3.4731,-88.2915,CRC 19341.34889,06:00:00 24-Jan-2019,TimeSeries,212,184,220,112,96,1,12,0,0,17,3,123,239,255,251,0,0,0,0,0,0,0,0,0,0,0,0,0,8,0,4,
177542,177542,MiniPAT,16:08:11 05-Feb-2019,,,3,-3.4752,-88.2998,CRC 627.8160,,,240,39,60,116,160,2,40,64,139,60,156,0,64,68,0,0,4,68,64,0,0,0,4,,,,,,,,,
177542,177542,MiniPAT,16:51:56 05-Feb-2019,,,2,-3.4730,-88.2985,CRC 1908.57189,18:00:00 01-Dec-2018,TimeSeries,208,119,75,3,32,19,69,23,185,231,32,241,134,107,251,158,169,223,123,127,15,224,57,140,0,0,0,9,63,121,149,
177542,177542,MiniPAT,23:56:30 05-Feb-2019,,,1,-3.4816,-88.3015,CRC 5868.14117,10:00:00 14-Jan-2019,TimeSeries,209,110,204,92,160,0,12,68,68,0,68,0,0,4,4,76,96,12,4,68,46,59,255,251,119,64,0,,,,,
177542,177542,MiniPAT,00:00:27 06-Feb-2019,,,1,-3.4816,-88.3015,CRC 16607.18655,14:00:00 14-Jan-2019,TimeSeries,212,13,252,92,224,3,139,251,107,103,123,123,183,123,59,151,148,0,0,0,0,0,0,0,0,0,0,0,0,59,252,
177542,177542,MiniPAT,00:04:25 06-Feb-2019,,,3,-3.4779,-88.3007,CRC 32213.37366,20:00:00 14-Jan-2019,TimeSeries,215,221,92,93,68,1,12,0,0,0,0,35,123,187,191,247,183,119,0,0,0,3,55,191,251,113,192,,,,,
177542,177542,MiniPAT,00:05:24 06-Feb-2019,,,3,-3.4779,-88.3007,CRC 58199.25045,22:00:00 14-Jan-2019,TimeSeries,222,53,124,93,96,1,76,128,0,0,0,0,3,119,191,255,183,53,64,0,1,51,119,119,72,0,3,119,171,119,52,
177542,177542,MiniPAT,00:11:21 06-Feb-2019,,,3,-3.4779,-88.3007,CRC 22808.35756,14:00:00 16-Jan-2019,TimeSeries,213,145,140,96,232,255,174,193,45,43,144,23,255,207,248,7,248,7,248,0,125,224,124,13,165,218,25,216,31,7,224,
177542,177542,MiniPAT,00:35:16 06-Feb-2019,,,B,-3.4797,-88.3018,Too short,,TimeSeries,222,233,108,,,,,,,,,,,,,,,,,,,,,,,,,,,,,
177542,177542,MiniPAT,01:32:56 06-Feb-2019,,,1,-3.4855,-88.3006,CRC 48032.31265,08:00:00 24-Jan-2019,TimeSeries,219,186,12,112,128,1,128,68,204,88,238,77,154,76,218,91,204,204,196,76,204,204,76,205,132,88,68,204,89,134,78,
177542,177542,MiniPAT,01:34:55 06-Feb-2019,,,1,-3.4855,-88.3006,CRC 59104.54393,10:00:00 24-Jan-2019,TimeSeries,222,110,12,112,160,0,68,8,136,132,132,68,68,68,78,68,4,200,5,208,196,141,156,,,,,,,,,
177542,177542,MiniPAT,02:15:38 06-Feb-2019,,,2,-3.4916,-88.2988,CRC 34237.10101,14:00:00 30-Nov-2018,TimeSeries,216,91,218,252,224,2,171,216,72,68,136,132,72,140,136,68,72,136,136,72,196,200,136,73,220,146,111,123,244,72,132,
177542,177542,MiniPAT,02:33:32 06-Feb-2019,,,3,-3.4973,-88.3017,CRC 9662.27607,11:42:30 23-Dec-2019,LightLoc,130,91,239,46,154,50,51,5,153,218,26,70,102,3,151,170,167,18,204,113,170,163,158,150,137,115,98,82,66,2,101,
177542,177542,MiniPAT,02:36:34 06-Feb-2019,,,3,-3.4973,-88.3017,CRC 45101.29993,18:00:00 01-Dec-2018,TimeSeries,219,2,219,3,32,3,8,68,72,68,132,150,157,137,89,213,153,99,255,251,180,233,4,196,239,59,255,255,255,255,176,
177542,177542,MiniPAT,02:41:33 06-Feb-2019,,,3,-3.4973,-88.3017,CRC 62758.39145,10:50:00 11-Dec-2018,LightLoc,143,82,107,22,106,8,49,5,81,141,206,18,74,110,138,159,179,18,140,97,159,155,146,134,116,103,86,81,66,2,94,
177542,177542,MiniPAT,02:42:32 06-Feb-2019,,,3,-3.4973,-88.3017,CRC 18295.15797,00:00:00 03-Dec-2018,PDT,148,119,123,6,0,160,241,113,192,209,81,161,17,49,65,78,80,65,140,126,195,224,127,,,,,,,,,
177542,177542,MiniPAT,03:04:23 06-Feb-2019,,,2,-3.5003,-88.3066,CRC 35246.30099,02:00:00 05-Dec-2018,TimeSeries,216,154,235,10,32,0,12,136,204,136,136,136,209,200,136,136,136,136,136,136,146,80,136,136,136,136,136,140,179,255,96,
177542,177542,MiniPAT,03:11:20 06-Feb-2019,,,2,-3.5003,-88.3066,CRC 62790.51987,12:00:00 05-Dec-2018,TimeSeries,223,84,107,10,192,128,108,117,132,68,64,4,68,64,68,68,68,4,68,68,72,0,64,4,66,251,255,68,4,0,0,
177542,177542,MiniPAT,03:43:10 06-Feb-2019,,,3,-3.5030,-88.3029,CRC 18663.47264,02:00:00 09-Dec-2018,TimeSeries,212,142,123,18,32,131,8,68,68,68,68,76,136,140,140,204,140,204,204,204,208,205,12,140,206,205,31,191,255,148,74,
177542,177542,MiniPAT,04:49:40 06-Feb-2019,,,1,-3.5050,-88.3060,CRC,04:49:31 06-Feb-2019,Status,12,114,202,82,70,38,47,205,162,200,48,192,177,212,142,117,101,67,35,9,125,164,209,212,135,0,2,,,,,
177542,177542,MiniPAT,04:52:38 06-Feb-2019,,,1,-3.5050,-88.3060,CRC 9630.9662,11:02:30 23-Dec-2018,LightLoc,130,89,235,46,154,18,49,5,153,218,26,70,102,130,150,170,167,18,204,33,170,163,158,150,137,115,98,82,66,2,101,
177542,177542,MiniPAT,14:19:14 06-Feb-2019,,,3,-3.4958,-88.2572,CRC 46305.61816,22:00:00 13-Dec-2018,TimeSeries,219,78,27,27,96,1,18,234,238,170,234,39,47,106,83,230,170,138,250,226,171,170,191,238,157,200,177,223,144,83,240,
177542,177542,MiniPAT,14:42:07 06-Feb-2019,,,3,-3.4960,-88.2567,CRC 62076.22163,00:00:00 17-Dec-2018,PDT,159,39,203,34,1,0,177,81,128,209,81,129,24,241,145,108,176,33,202,11,2,9,202,2,105,137,130,201,105,96,0,
177542,177542,MiniPAT,15:17:53 06-Feb-2019,,,1,-3.4887,-88.2578,CRC 9375.65322,20:00:00 19-Dec-2018,TimeSeries,210,73,251,39,64,32,207,255,187,97,170,174,243,247,106,142,143,127,53,26,43,36,46,158,15,6,212,64,103,66,163,
177542,177542,MiniPAT,15:19:51 06-Feb-2019,,,1,-3.4887,-88.2578,Too short,,,153,57,235,,,,,,,,,,,,,,,,,,,,,,,,,,,,,
177542,177542,MiniPAT,15:22:50 06-Feb-2019,,,1,-3.4887,-88.2578,CRC 52245.54546,00:00:00 21-Dec-2018,TimeSeries,220,193,91,42,0,1,72,0,0,0,0,1,231,75,243,255,253,0,0,0,0,0,0,39,64,0,0,,,,,
177542,177542,MiniPAT,16:30:32 06-Feb-2019,,,3,-3.4944,-88.2544,CRC 24099.46494,14:00:00 27-Dec-2018,TimeSeries,213,226,59,54,224,2,108,2,51,51,119,68,0,0,19,51,119,187,242,240,38,128,42,46,172,2,27,6,49,243,30,
177542,177542,MiniPAT,16:33:31 06-Feb-2019,,,3,-3.4944,-88.2544,CRC 31582.46136,18:00:00 19-Dec-2018,TimeSeries,215,181,235,39,32,1,204,33,212,0,0,14,115,63,0,0,3,51,51,51,51,51,51,51,51,51,51,42,98,192,7,
177542,177542,MiniPAT,22:10:59 06-Feb-2019,,,3,-3.4747,-88.2460,CRC 58085.57573,11:28:45 26-Jan-2019,LightLoc,142,46,92,116,122,39,48,133,141,214,30,82,110,142,162,174,179,30,12,65,172,165,161,151,131,116,95,81,85,2,85,
177542,177542,MiniPAT,23:45:24 06-Feb-2019,,,3,-3.4620,-88.2370,CRC 25329.7264,00:00:00 12-Dec-2018,PDT,150,47,27,24,1,0,177,81,160,241,81,161,16,177,97,78,49,1,140,47,193,202,175,2,33,137,66,105,41,64,0,
177542,177542,MiniPAT,01:48:31 07-Feb-2019,,,A,-3.4563,-88.2246,CRC 45750.62007,06:00:00 25-Dec-2018,TimeSeries,219,43,107,50,96,129,168,0,0,0,1,128,0,0,64,91,126,0,0,,,,,,,,,,,,,
177542,177542,MiniPAT,02:51:12 07-Feb-2019,,,3,-3.4550,-88.2234,CRC 44464.28629,12:00:00 31-Dec-2018,TimeSeries,218,219,11,62,192,3,108,0,39,51,51,114,198,34,179,119,55,112,192,0,0,0,0,0,0,0,0,34,52,2,220,
177542,177542,MiniPAT,03:26:00 07-Feb-2019,,,1,-3.4607,-88.2258,CRC 53158.47097,06:00:00 04-Jan-2019,TimeSeries,220,250,108,72,96,0,128,204,204,204,204,204,204,204,204,204,204,204,204,204,204,204,192,108,204,204,204,204,204,204,204,
177542,177542,MiniPAT,03:27:01 07-Feb-2019,,,1,-3.4607,-88.2258,CRC,03:26:52 07-Feb-2019,Status,7,122,186,82,71,27,90,77,163,8,48,192,177,212,144,85,5,67,19,9,125,164,209,212,135,0,0,,,,,
177542,177542,MiniPAT,03:47:53 07-Feb-2019,,,2,-3.4614,-88.2272,CRC,03:44:43 07-Feb-2019,Status,10,179,74,82,71,29,149,146,186,6,95,196,100,171,110,126,46,118,226,149,5,51,116,176,169,0,0,,,,,
177542,177542,MiniPAT,04:01:49 07-Feb-2019,,,A,-3.4638,-88.2233,CRC 22567.36179,00:00:00 10-Jan-2019,TimeSeries,213,130,124,84,0,34,104,0,0,0,72,68,4,68,72,0,0,0,4,0,0,76,0,64,64,68,191,255,248,0,66,
177542,177542,MiniPAT,04:26:42 07-Feb-2019,,,2,-3.4663,-88.2212,CRC 15112.1373,10:00:00 10-Jan-2019,TimeSeries,211,176,140,84,160,64,200,0,4,0,8,64,4,0,4,4,0,4,0,0,0,0,0,0,0,0,0,0,1,208,0,
177542,177542,MiniPAT,10:36:02 07-Feb-2019,,,2,-3.4545,-88.1804,CRC 48146.63160,08:00:00 19-Dec-2018,TimeSeries,219,193,43,38,128,0,5,4,128,0,66,96,4,0,0,0,0,0,0,0,0,0,0,4,0,0,0,64,8,0,0,
177542,177542,MiniPAT,12:14:46 07-Feb-2019,,,3,-3.4353,-88.1793,CRC 32490.65258,10:42:30 01-Dec-2018,LightLoc,135,238,171,2,202,2,65,5,41,129,222,30,86,106,130,146,151,17,12,65,163,157,145,132,114,94,78,64,54,2,113,
177542,177542,MiniPAT,12:19:44 07-Feb-2019,,,3,-3.4353,-88.1793,CRC 37317.55025,16:00:00 29-Dec-2018,TimeSeries,217,28,91,59,0,1,50,170,170,170,102,101,64,0,2,42,0,0,21,3,119,18,253,93,222,96,0,76,204,128,1,
177542,177542,MiniPAT,12:21:43 07-Feb-2019,,,3,-3.4353,-88.1793,CRC 50599.46520,20:00:00 29-Dec-2018,TimeSeries,220,90,123,59,64,1,114,170,102,166,127,37,0,0,0,0,0,32,16,0,0,22,102,100,0,0,0,0,0,20,0,
177542,177542,MiniPAT,14:20:57 07-Feb-2019,,,3,-3.4260,-88.1844,CRC 32364.55240,00:00:00 11-Jan-2019,PDT,151,230,204,86,0,224,177,113,160,209,81,164,43,177,33,75,47,225,42,10,225,201,234,163,9,161,160,,,,,
177542,177542,MiniPAT,14:58:44 07-Feb-2019,,,3,-3.4281,-88.1855,CRC 23941.6768,20:00:00 14-Jan-2019,TimeSeries,213,216,92,93,64,0,12,0,0,0,0,35,123,186,191,183,55,119,16,0,0,11,55,191,251,113,192,,,,,
177542,177542,MiniPAT,22:00:05 07-Feb-2019,,,3,-3.4377,-88.1710,CRC 47186.23364,12:00:00 29-Dec-2018,TimeSeries,219,133,43,58,192,1,172,0,2,98,168,192,19,123,187,251,187,187,118,119,118,49,49,137,235,187,223,108,181,196,2,
177542,177542,MiniPAT,23:27:44 07-Feb-2019,,,3,-3.4322,-88.1710,CRC 28440.43780,00:00:00 08-Jan-2019,PDT,150,241,140,80,0,192,176,146,0,209,17,241,43,176,97,75,80,33,138,175,33,202,0,32,0,0,2,,,,,
177542,177542,MiniPAT,23:39:37 07-Feb-2019,,,3,-3.4322,-88.1710,CRC 30927.30923,16:00:00 08-Jan-2019,TimeSeries,215,140,252,81,0,3,136,0,0,0,3,187,191,175,255,255,251,255,248,0,0,59,85,64,68,19,42,18,34,59,248,
177542,177542,MiniPAT,01:01:59 08-Feb-2019,,,3,-3.4286,-88.1761,CRC,01:01:50 08-Feb-2019,Status,11,187,74,82,72,8,57,77,163,8,48,192,177,212,145,148,133,67,40,9,125,164,209,212,167,0,0,,,,,
177542,177542,MiniPAT,01:52:33 08-Feb-2019,,,3,-3.4312,-88.1877,CRC 50063.6432,12:00:00 22-Jan-2019,TimeSeries,220,56,252,108,192,3,232,0,0,0,0,0,0,0,0,0,0,0,66,189,255,127,186,64,0,0,0,,,,,
177542,177542,MiniPAT,03:31:34 08-Feb-2019,,,2,-3.4371,-88.1937,CRC 62274.13257,10:00:00 03-Dec-2019,TimeSeries,223,52,47,6,160,128,77,219,253,136,68,68,99,123,126,118,196,64,36,64,68,4,68,64,69,38,251,255,72,0,68,
177542,177542,MiniPAT,03:32:34 08-Feb-2019,,,2,-3.4371,-88.1937,CRC,03:00:25 08-Feb-2019,Status,2,21,10,82,72,24,12,205,163,8,48,192,177,212,145,180,101,67,42,9,125,164,209,212,135,0,0,,,,,
177542,177542,MiniPAT,03:34:32 08-Feb-2019,,,2,-3.4371,-88.1937,CRC 52855.18494,,TimeSeries,220,231,127,7,240,73,4,200,120,65,151,192,132,70,132,200,68,68,72,132,68,132,68,72,227,127,244,68,68,68,68,
177542,177542,MiniPAT,08:58:24 08-Feb-2019,,,2,-3.4873,-88.1947,CRC 49670.53126,00:00:00 06-Jan-2019,TimeSeries,220,32,108,76,0,2,200,0,0,0,0,0,0,0,64,0,0,0,0,0,0,0,64,0,48,0,59,,,,,
177542,177542,MiniPAT,10:45:45 08-Feb-2019,,,3,-3.4796,-88.2007,CRC 6283.19643,,TimeSeries,209,136,189,121,231,0,193,100,0,0,0,0,0,0,0,0,0,0,0,0,0,0,3,119,123,255,251,183,123,119,104,
177542,177542,MiniPAT,11:50:19 08-Feb-2019,,,3,-3.4836,-88.2015,CRC 64925.44445,10:41:15 30-Nov-2018,LightLoc,143,217,218,252,138,1,65,5,73,170,14,78,126,166,190,190,195,8,148,65,179,170,164,161,152,132,103,72,51,2,109,
177542,177542,MiniPAT,12:52:47 08-Feb-2019,,,2,-3.4883,-88.2032,Too short,,TimeSeries,221,231,204,,,,,,,,,,,,,,,,,,,,,,,,,,,,,
177542,177542,MiniPAT,13:31:42 08-Feb-2019,,,2,-3.4853,-88.2072,CRC,13:31:33 08-Feb-2019,Status,2,162,106,82,72,107,240,205,162,200,56,192,177,196,210,157,101,7,30,9,125,164,209,212,135,0,0,,,,,
177542,177542,MiniPAT,13:31:42 08-Feb-2019,,,3,-3.4892,-88.2060,CRC,13:31:33 08-Feb-2019,Status,2,162,106,82,72,107,240,205,162,200,48,192,177,212,146,95,197,67,30,9,125,164,209,212,135,0,0,,,,,
177542,177542,MiniPAT,13:39:38 08-Feb-2019,,,3,-3.4892,-88.2060,CRC,,Status,9,117,87,191,59,244,150,83,179,233,153,17,17,33,33,18,34,34,205,221,188,186,81,29,238,238,237,220,202,168,96,
177542,177542,MiniPAT,14:02:32 08-Feb-2019,,,2,-3.4950,-88.2084,CRC 48369.11756,00:00:00 05-Dec-2018,PDT,155,207,27,10,0,192,177,81,160,209,113,161,48,209,97,13,208,174,197,142,106,63,178,94,84,0,0,,,,,
177542,177542,MiniPAT,14:08:30 08-Feb-2019,,,2,-3.4950,-88.2084,CRC 14788.43089,08:00:00 05-Dec-2018,TimeSeries,211,156,75,10,128,131,168,72,68,68,72,68,68,68,72,68,68,99,239,244,84,68,68,68,68,132,68,72,72,68,68,
177542,177542,MiniPAT,14:10:32 08-Feb-2019,,,2,-3.4950,-88.2084,CRC 1450.5781,10:00:00 05-Dec-2018,TimeSeries,208,90,171,10,160,0,76,136,139,59,255,255,68,51,191,255,68,136,72,136,136,68,72,72,128,31,136,12,157,209,220,
177542,177542,MiniPAT,14:34:26 08-Feb-2019,,,3,-3.4974,-88.2097,CRC,14:34:17 08-Feb-2019,Status,8,85,138,82,72,116,72,205,162,200,48,192,177,212,146,85,165,67,31,9,125,164,209,212,158,15,240,,,,,
177542,177542,MiniPAT,14:45:20 08-Feb-2019,,,2,-3.4968,-88.2094,Too short,,,128,60,91,,,,,,,,,,,,,,,,,,,,,,,,,,,,,
177542,177542,MiniPAT,15:47:05 08-Feb-2019,,,3,-3.5036,-88.2172,CRC 25023.41346,10:00:00 15-Dec-2018,TimeSeries,214,27,251,30,160,0,108,68,4,0,68,64,66,132,4,68,132,64,179,183,255,187,251,63,244,0,1,40,64,0,0,
177542,177542,MiniPAT,23:23:15 08-Feb-2019,,,3,-3.6099,-88.2519,CRC 33778.18923,22:00:00 01-Dec-2018,TimeSeries,216,63,43,3,96,3,235,251,187,119,177,68,68,72,104,68,136,136,179,119,111,46,148,71,123,187,187,119,50,170,24,
177542,177542,MiniPAT,00:23:57 09-Feb-2019,,,3,-3.6256,-88.2508,CRC 27357.40197,00:00:00 09-Dec-2018,PDT,150,173,219,18,1,0,177,177,224,209,65,225,49,17,65,110,145,1,171,110,195,234,235,226,73,170,66,169,73,96,41,
177542,177542,MiniPAT,02:03:18 09-Feb-2019,,,3,-3.6481,-88.2556,CRC,02:03:08 09-Feb-2019,Status,7,97,202,82,73,16,100,77,164,72,48,192,177,212,146,244,197,67,41,9,121,36,209,212,135,0,0,,,,,
177542,177542,MiniPAT,02:15:11 09-Feb-2019,,,3,-3.6481,-88.2556,CRC 53124.39640,18:00:00 19-Dec-2018,TimeSeries,220,248,75,39,32,0,175,170,239,46,255,255,187,250,47,51,127,251,51,59,251,186,177,0,0,0,0,43,191,251,184,
177542,177542,MiniPAT,02:07:15 09-Feb-2019,,,3,-3.6492,-88.2604,CRC 5160.7728,06:00:00 19-Dec-2018,TimeSeries,209,66,139,38,96,2,104,49,191,0,0,0,64,0,0,0,0,32,2,0,4,0,0,64,0,0,0,,,,,
177542,177542,MiniPAT,02:14:11 09-Feb-2019,,,3,-3.6492,-88.2604,CRC 15430.26516,16:00:00 19-Dec-2018,TimeSeries,211,196,107,39,0,67,145,153,153,153,153,149,148,25,153,153,153,153,153,153,153,153,153,162,12,0,0,25,153,98,32,
177542,177542,MiniPAT,03:11:44 09-Feb-2019,,,3,-3.6602,-88.2561,CRC 29755.43526,16:00:00 25-Dec-2018,TimeSeries,215,67,187,51,3,197,14,25,247,114,25,166,35,51,35,51,38,119,34,51,37,243,51,35,55,119,103,81,59,98,180,
177542,177542,MiniPAT,03:21:40 09-Feb-2019,,,3,-3.6602,-88.2561,CRC 61457.59955,02:00:00 27-Dec-2018,TimeSeries,223,1,27,54,32,2,0,0,0,32,0,8,0,0,0,60,0,0,128,0,128,0,0,0,128,0,0,136,136,128,128,
177542,177542,MiniPAT,03:55:26 09-Feb-2019,,,3,-3.6664,-88.2570,CRC 19490.20130,22:00:00 29-Dec-2018,TimeSeries,212,194,43,59,96,1,80,0,0,0,0,0,0,0,2,107,170,102,122,64,4,0,0,,,,,,,,,
177542,177542,MiniPAT,08:48:26 09-Feb-2019,,,1,-3.6844,-88.2537,CRC 33865.6973,00:00:00 01-Dec-2018,PDT,152,68,155,2,0,160,177,145,224,209,113,225,16,221,123,78,145,65,172,12,160,8,0,,,,,,,,,
177542,177542,MiniPAT,10:34:33 09-Feb-2019,,,0,-3.7229,-88.2417,Too short,,TimeSeries,221,107,187,,,,,,,,,,,,,,,,,,,,,,,,,,,,,
177542,177542,MiniPAT,12:06:15 09-Feb-2019,,,A,-3.7416,-88.2541,CRC 27002.30660,02:00:00 17-Dec-2018,TimeSeries,214,151,171,34,32,3,36,121,196,68,69,4,68,68,132,136,68,4,68,96,64,136,129,94,56,229,30,131,223,133,77,
177542,177542,MiniPAT,12:42:11 09-Feb-2019,,,3,-3.7464,-88.2538,CRC 50569.15016,00:00:00 21-Dec-2018,PDT,156,88,155,42,8,192,177,113,160,209,113,161,16,113,129,76,15,193,138,236,97,206,75,66,42,74,40,,,,,
177542,177542,MiniPAT,16:30:03 09-Feb-2019,,,2,-3.7966,-88.2520,CRC 48348.17247,18:00:00 12-Jan-2019,TimeSeries,219,205,204,89,32,0,172,0,0,0,0,0,0,0,0,0,0,0,0,0,0,0,22,64,42,189,130,217,160,128,255,
177542,177542,MiniPAT,21:33:10 09-Feb-2019,,,3,-3.8533,-88.2316,CRC 19675.49271,18:38:45 15-Jul-2016,LightLoc,132,205,177,221,87,255,254,197,206,10,62,126,36,121,133,87,111,227,237,160,72,92,81,14,250,174,145,162,179,243,156,
177542,177542,MiniPAT,22:07:07 09-Feb-2019,,,A,-3.8602,-88.2300,CRC 43550.60852,00:00:00 19-Dec-2018,TimeSeries,218,161,235,38,0,4,128,204,204,204,204,204,204,204,204,204,205,78,200,76,204,204,204,204,204,204,204,204,204,204,204,
177542,177542,MiniPAT,23:11:46 09-Feb-2019,,,3,-3.8742,-88.2322,CRC 55026.53309,10:00:00 25-Dec-2018,TimeSeries,221,111,43,50,160,0,76,14,192,0,0,1,128,0,0,0,0,0,0,0,0,2,243,57,82,99,217,109,196,0,95,
177542,177542,MiniPAT,01:32:02 10-Feb-2019,,,3,-3.8921,-88.2331,CRC 6047.48614,21:20:00 01-Jan-1601,LightLoc,129,121,255,240,124,0,254,0,31,7,192,252,47,33,225,5,63,252,15,251,224,224,209,225,248,180,248,46,23,3,192,
177542,177542,MiniPAT,01:35:01 10-Feb-2019,,,3,-3.8921,-88.2331,CRC 61076.31563,18:00:00 08-Jan-2019,TimeSeries,222,233,76,81,32,3,11,192,0,0,206,59,255,255,255,216,0,0,0,64,0,0,0,0,34,112,28,19,59,215,49,
177542,177542,MiniPAT,01:26:06 10-Feb-2019,,,A,-3.9045,-88.2398,CRC 5235.17788,04:00:00 08-Jan-2019,TimeSeries,209,71,60,80,64,1,128,206,204,205,128,204,105,172,217,152,206,68,204,204,196,204,76,204,204,68,196,204,197,140,204,
177542,177542,MiniPAT,04:32:25 10-Feb-2019,,,A,-3.9105,-88.2570,CRC 56823.48503,06:00:00 22-Jan-2019,TimeSeries,221,223,124,108,96,0,239,183,183,187,187,123,116,128,0,0,128,0,0,0,0,0,0,0,0,0,1,119,191,255,252,
177542,177542,MiniPAT,04:36:25 10-Feb-2019,,,A,-3.9105,-88.2570,CRC 33107.45427,,,248,21,60,108,160,0,175,255,251,123,187,94,0,1,0,,,,,,,,,,,,,,,,,
177542,177542,MiniPAT,10:10:39 10-Feb-2019,,,3,-3.9760,-88.2390,CRC 46570.38953,12:00:00 27-Dec-2018,TimeSeries,219,94,171,54,192,1,12,0,0,0,0,0,0,0,0,4,128,72,6,55,247,187,119,180,39,191,123,186,128,0,0,
177542,177542,MiniPAT,10:18:36 10-Feb-2019,,,3,-3.9760,-88.2390,CRC 27802.30078,,TimeSeries,214,201,163,161,48,2,200,249,153,97,58,103,150,120,183,154,139,118,131,154,1,216,91,166,148,107,244,,,,,
177542,177542,MiniPAT,10:40:31 10-Feb-2019,,,2,-3.9751,-88.2468,CRC 10306.540,00:00:00 30-Dec-2018,PDT,146,132,43,60,1,0,177,114,32,209,81,225,75,177,65,170,107,98,73,136,227,161,77,253,151,222,161,196,116,112,0,
177542,177542,MiniPAT,11:04:27 10-Feb-2019,,,A,-3.9788,-88.2416,CRC 45804.58089,04:00:00 02-Jan-2019,TimeSeries,219,46,204,68,64,1,36,0,0,25,0,0,0,0,1,62,72,0,64,0,16,0,0,0,0,0,0,0,0,0,64,
177542,177542,MiniPAT,11:53:15 10-Feb-2019,,,2,-3.9959,-88.2469,CRC 53185.50760,18:00:00 06-Jan-2019,TimeSeries,220,252,28,77,32,3,74,239,255,250,128,0,0,0,0,0,0,0,4,32,0,0,0,66,29,191,191,251,184,0,0,
177542,177542,MiniPAT,11:57:14 10-Feb-2019,,,2,-3.9959,-88.2469,CRC 7368.64655,00:00:00 07-Jan-2019,PDT,145,204,140,78,0,160,177,178,0,209,145,225,14,241,193,75,142,193,175,229,27,0,21,,,,,,,,,
177542,177542,MiniPAT,12:25:07 10-Feb-2019,,,3,-3.9972,-88.2506,CRC 37724.59608,08:00:00 10-Jan-2019,TimeSeries,217,53,204,84,128,1,1,69,69,68,65,68,68,68,70,84,68,68,85,84,86,68,68,68,68,68,84,68,68,84,68,
177542,177542,MiniPAT,12:43:55 10-Feb-2019,,,2,-4.0037,-88.2516,CRC 64115.14927,06:00:00 12-Jan-2019,TimeSeries,223,167,60,88,96,0,132,0,0,0,0,20,0,64,0,0,4,0,0,0,0,0,0,0,0,6,152,11,28,81,188,
177542,177542,MiniPAT,12:44:54 10-Feb-2019,,,2,-4.0037,-88.2516,CRC 52951.46926,08:00:00 12-Jan-2019,TimeSeries,220,237,124,88,128,0,68,0,4,204,0,0,0,0,0,0,0,0,0,33,175,188,132,132,0,0,4,,,,,
177542,177542,MiniPAT,14:36:54 10-Feb-2019,,,3,-4.0280,-88.2657,CRC 20048.28164,00:00:00 24-Jan-2019,TimeSeries,212,229,12,112,0,0,207,255,123,255,255,255,251,123,119,104,0,0,0,0,0,40,18,0,0,0,0,0,3,119,184,
177542,177542,MiniPAT,15:11:51 10-Feb-2019,,,3,-4.0363,-88.2698,CRC 10315.59514,20:00:00 29-Nov-2018,TimeSeries,210,132,186,251,66,6,136,60,60,60,60,60,60,60,60,102,243,51,51,51,51,51,51,63,255,255,255,255,255,191,252,
177542,177542,MiniPAT,15:35:55 10-Feb-2019,,,3,-4.0454,-88.2697,CRC 60076.38382,02:00:00 01-Dec-2018,TimeSeries,222,170,203,2,32,0,141,217,216,68,4,68,68,68,68,111,127,251,123,178,68,64,196,68,68,196,68,68,99,127,250,
177542,177542,MiniPAT,15:38:59 10-Feb-2019,,,3,-4.0454,-88.2697,CRC 7330.7930,11:22:30 25-Sep-2019,LightLoc,129,202,46,114,218,34,48,7,81,190,6,70,116,146,170,198,211,9,140,65,174,168,156,139,131,123,102,83,71,2,84,
177542,177542,MiniPAT,21:15:09 10-Feb-2019,,,2,-4.1138,-88.3056,CRC 8102.12007,12:00:00 04-Jan-2019,TimeSeries,209,250,108,72,192,0,174,34,34,102,106,102,235,190,230,98,106,251,247,33,222,106,170,128,43,3,123,119,119,116,128,
177542,177542,MiniPAT,23:34:31 10-Feb-2019,,,3,-4.1637,-88.3280,CRC 41723.61754,16:00:00 18-Jan-2019,TimeSeries,218,47,188,101,0,0,76,0,0,0,0,0,0,15,123,255,123,249,37,,,,,,,,,,,,,
177542,177542,MiniPAT,23:35:31 10-Feb-2019,,,3,-4.1637,-88.3280,CRC 49694.13612,19:00:00 22-Jan-2019,TimeSeries,220,33,236,109,48,1,108,39,119,59,235,0,0,0,0,34,119,183,119,119,119,119,119,64,0,0,0,,,,,
177542,177542,MiniPAT,00:58:19 11-Feb-2019,,,3,-4.1888,-88.3441,CRC 18757.6582,22:00:00 29-Nov-2018,TimeSeries,212,148,90,251,98,135,75,119,119,119,119,119,187,187,119,119,247,119,107,187,183,179,163,59,123,187,123,59,110,187,176,
177542,177542,MiniPAT,00:59:19 11-Feb-2019,,,3,-4.1888,-88.3441,CRC 48623.26540,00:00:00 30-Nov-2018,PDT,155,222,250,252,0,192,177,146,0,209,113,193,35,81,97,74,145,65,140,110,1,204,44,160,0,0,0,,,,,
177542,177542,MiniPAT,01:00:18 11-Feb-2019,,,3,-4.1888,-88.3441,CRC 20561.54132,00:00:00 30-Nov-2018,TimeSeries,213,5,26,252,3,162,203,223,250,27,185,187,57,182,123,187,123,119,119,119,55,15,119,57,183,119,119,107,187,30,112,
177542,177542,MiniPAT,01:12:20 11-Feb-2019,,,2,-4.1915,-88.3476,CRC 25365.24853,18:00:00 30-Nov-2018,TimeSeries,214,49,90,253,32,64,140,68,70,243,42,102,102,37,162,251,251,46,68,68,64,68,64,4,68,68,226,106,234,165,88,
177542,177542,MiniPAT,01:26:16 11-Feb-2019,,,3,-4.1919,-88.3482,CRC 46976.15750,,TimeSeries,219,120,10,64,160,3,248,72,72,68,132,142,51,191,255,119,191,68,68,68,132,68,68,136,68,132,72,74,107,123,244,
