DeployID,Ptt,Instr,RecordType,MsgCount,Duplicates,Corrupt,AvgInterval,MinInterval,Date,Satellite,LocationQuality,Latitude,Longitude,Latitude2,Longitude2,IQ,Duration,Frequency,Power
177542,177542,MiniPAT,DS,3,0,1,60,59,20:51:29 26-Jan-2019,NP,A,-2.3857,-86.7962,8.1611,-42.3087,,,401677387,-133
177542,177542,MiniPAT,DS,13,0,4,69,59,22:35:48 26-Jan-2019,NP,2,-2.3844,-86.8309,-2.3844,-86.8309,58,,401677381,-124
177542,177542,MiniPAT,DS,10,0,2,72,59,22:42:14 26-Jan-2019,SR,3,-2.3852,-86.8376,-2.3852,-86.8376,56,,401677381,-126
177542,177542,MiniPAT,DS,7,0,2,70,59,23:19:14 26-Jan-2019,NK,3,-2.3986,-86.8426,-2.3986,-86.8426,58,,401677383,-129
177542,177542,MiniPAT,DS,11,0,0,60,59,00:19:33 27-Jan-2019,SR,3,-2.4075,-86.8573,-2.4075,-86.8573,58,,401677382,-126
177542,177542,MiniPAT,DS,7,0,1,85,59,00:51:41 27-Jan-2019,NN,2,-2.4137,-86.8581,-2.4137,-86.8581,58,,401677382,-132
177542,177542,MiniPAT,DS,7,0,1,110,59,00:55:34 27-Jan-2019,NK,3,-2.4148,-86.8665,-2.4148,-86.8665,56,,401677382,-120
177542,177542,MiniPAT,DS,6,0,3,83,59,01:41:26 27-Jan-2019,MA,2,-2.4238,-86.8697,-2.4238,-86.8697,58,,401677382,-125
177542,177542,MiniPAT,DS,14,0,4,60,59,02:34:37 27-Jan-2019,NN,3,-2.4435,-86.8812,-2.4435,-86.8812,58,,401677383,-124
177542,177542,MiniPAT,DS,7,0,3,90,59,02:51:35 27-Jan-2019,MB,3,-2.4453,-86.8816,-2.4453,-86.8816,56,,401677382,-129
177542,177542,MiniPAT,DS,12,0,2,70,59,03:24:22 27-Jan-2019,MA,3,-2.4566,-86.8901,-2.4566,-86.8901,58,,401677382,-118
177542,177542,MiniPAT,DS,12,0,3,71,59,09:31:31 27-Jan-2019,NP,3,-2.5358,-86.9381,-2.5358,-86.9381,58,,401677388,-122
177542,177542,MiniPAT,DS,10,0,5,72,59,11:15:21 27-Jan-2019,SR,3,-2.5584,-86.9549,-2.5584,-86.9549,58,,401677386,-121
177542,177542,MiniPAT,DS,10,0,2,73,59,11:16:17 27-Jan-2019,NP,3,-2.5584,-86.9561,-2.5584,-86.9561,56,,401677388,-126
177542,177542,MiniPAT,DS,10,0,4,59,59,11:50:50 27-Jan-2019,NK,3,-2.5657,-86.9610,-2.5657,-86.9610,58,,401677386,-125
177542,177542,MiniPAT,DS,10,0,5,66,59,12:52:14 27-Jan-2019,SR,3,-2.5825,-86.9619,-2.5825,-86.9619,68,,401677389,-127
177542,177542,MiniPAT,DS,12,0,2,59,59,13:39:30 27-Jan-2019,NK,3,-2.5860,-86.9708,-2.5860,-86.9708,56,,401677385,-123
177542,177542,MiniPAT,DS,13,0,1,59,59,13:35:02 27-Jan-2019,NN,3,-2.5859,-86.9731,-2.5859,-86.9731,58,,401677386,-122
177542,177542,MiniPAT,DS,10,0,1,72,59,14:15:22 27-Jan-2019,MA,3,-2.5949,-86.9759,-2.5949,-86.9759,58,,401677385,-119
177542,177542,MiniPAT,DS,10,0,1,59,59,15:14:39 27-Jan-2019,NN,3,-2.6039,-86.9876,-2.6039,-86.9876,58,,401677385,-128
177542,177542,MiniPAT,DS,6,0,2,83,59,15:32:06 27-Jan-2019,MB,3,-2.6071,-86.9845,-2.6071,-86.9845,56,,401677383,-125
177542,177542,MiniPAT,DS,9,0,3,83,60,15:54:31 27-Jan-2019,MA,2,-2.6113,-86.9934,-2.6113,-86.9934,56,,401677386,-127
177542,177542,MiniPAT,DS,1,0,1,,,20:40:55 27-Jan-2019,NP,B,-2.6575,-87.0395,-2.6575,-87.0395,8,,401677389,-140
177542,177542,MiniPAT,DS,4,0,3,79,59,22:10:55 27-Jan-2019,SR,0,-2.6228,-87.0566,-2.6228,-87.0566,58,,401677374,-132
177542,177542,MiniPAT,DS,12,0,1,75,59,22:23:33 27-Jan-2019,NP,2,-2.6395,-87.0528,-2.6395,-87.0528,56,,401677381,-123
177542,177542,MiniPAT,DS,10,0,1,72,59,23:49:36 27-Jan-2019,SR,3,-2.6521,-87.0646,-2.6521,-87.0646,58,,401677381,-124
177542,177542,MiniPAT,DS,6,0,0,59,59,00:01:00 28-Jan-2019,NP,1,-2.6484,-87.0752,-2.6484,-87.0752,58,,401677380,-132
177542,177542,MiniPAT,DS,11,0,1,77,59,00:35:18 28-Jan-2019,NK,3,-2.6603,-87.0730,-2.6603,-87.0730,58,,401677383,-121
177542,177542,MiniPAT,DS,4,0,1,60,59,00:38:47 28-Jan-2019,NN,2,-2.6605,-87.0718,-2.6605,-87.0718,56,,401677382,-133
177542,177542,MiniPAT,DS,3,0,3,59,59,01:20:09 28-Jan-2019,MA,A,-2.6644,-87.0803,-2.6671,-87.0783,8,,401677381,-132
177542,177542,MiniPAT,DS,6,0,1,168,59,02:16:55 28-Jan-2019,NN,1,-2.6866,-87.0870,-2.6866,-87.0870,58,,401677383,-121
177542,177542,MiniPAT,DS,4,0,4,180,60,02:25:33 28-Jan-2019,MB,3,-2.6733,-87.0774,-2.6733,-87.0774,56,,401677383,-130
177542,177542,MiniPAT,DS,12,0,3,67,59,03:03:41 28-Jan-2019,MA,2,-2.6775,-87.0736,-2.6775,-87.0736,58,,401677383,-116
177542,177542,MiniPAT,DS,3,0,0,61,60,04:03:09 28-Jan-2019,MB,A,-2.6914,-87.0853,-2.6914,-87.0853,8,,401677382,-129
177542,177542,MiniPAT,DS,5,0,2,90,59,04:39:04 28-Jan-2019,MA,1,-2.6976,-87.0832,-2.6976,-87.0832,58,,401677384,-128
177542,177542,MiniPAT,DS,12,0,2,65,59,09:20:05 28-Jan-2019,NP,3,-2.7269,-87.1080,-2.7269,-87.1080,58,,401677386,-126
177542,177542,MiniPAT,DS,2,0,0,59,59,11:12:03 28-Jan-2019,NP,B,-2.8104,-87.0963,-2.8104,-87.0963,7,,401677429,-130
177542,177542,MiniPAT,DS,9,0,2,74,59,11:28:55 28-Jan-2019,NK,2,-2.7353,-87.1074,-2.7353,-87.1074,56,,401677391,-124
177542,177542,MiniPAT,DS,11,0,4,66,59,12:20:39 28-Jan-2019,SR,3,-2.7374,-87.1204,-2.7374,-87.1204,58,,401677387,-122
177542,177542,MiniPAT,DS,13,0,0,59,59,13:05:02 28-Jan-2019,NK,3,-2.7405,-87.1243,-2.7405,-87.1243,58,,401677387,-124
177542,177542,MiniPAT,DS,12,0,1,65,59,13:22:58 28-Jan-2019,NN,3,-2.7424,-87.1264,-2.7424,-87.1264,56,,401677387,-124
177542,177542,MiniPAT,DS,13,0,3,59,59,13:54:22 28-Jan-2019,MA,3,-2.7461,-87.1248,-2.7461,-87.1248,58,,401677388,-125
177542,177542,MiniPAT,DS,14,0,3,59,59,14:29:13 28-Jan-2019,MC,3,-2.7503,-87.1265,-2.7503,-87.1265,58,,401677385,-120
177542,177542,MiniPAT,DS,12,0,1,59,59,15:06:27 28-Jan-2019,NN,3,-2.7552,-87.1275,-2.7552,-87.1275,56,,401677384,-126
177542,177542,MiniPAT,DS,12,0,3,65,59,15:03:28 28-Jan-2019,MB,2,-2.7541,-87.1325,-2.7541,-87.1325,58,,401677384,-123
177542,177542,MiniPAT,DS,12,0,0,70,59,15:32:50 28-Jan-2019,MA,3,-2.7591,-87.1305,-2.7591,-87.1305,56,,401677383,-127
177542,177542,MiniPAT,DS,11,0,0,59,59,16:09:09 28-Jan-2019,MC,3,-2.7634,-87.1329,-2.7634,-87.1329,58,,401677381,-125
177542,177542,MiniPAT,DS,13,0,1,69,59,22:12:09 28-Jan-2019,NP,3,-2.7690,-87.1579,-2.7690,-87.1579,58,,401677378,-122
177542,177542,MiniPAT,DS,10,0,0,73,59,23:17:57 28-Jan-2019,SR,3,-2.7671,-87.1612,-2.7671,-87.1612,58,,401677379,-125
177542,177542,MiniPAT,DS,9,0,3,67,59,23:47:56 28-Jan-2019,NP,2,-2.7641,-87.1679,-2.7641,-87.1679,58,,401677379,-129
177542,177542,MiniPAT,DS,12,0,1,59,59,00:09:07 29-Jan-2019,NK,3,-2.7649,-87.1667,-2.7649,-87.1667,56,,401677380,-121
177542,177542,MiniPAT,DS,8,0,1,76,59,01:00:03 29-Jan-2019,SR,2,-2.7598,-87.1722,-2.7598,-87.1722,58,,401677381,-129
177542,177542,MiniPAT,DS,11,0,2,59,59,01:43:30 29-Jan-2019,NK,3,-2.7586,-87.1706,-2.7586,-87.1706,58,,401677382,-125
177542,177542,MiniPAT,DS,12,0,0,70,59,02:14:48 29-Jan-2019,NN,2,-2.7592,-87.1756,-2.7592,-87.1756,58,,401677381,-120
177542,177542,MiniPAT,DS,12,0,1,65,59,02:40:37 29-Jan-2019,MA,3,-2.7568,-87.1728,-2.7568,-87.1728,56,,401677381,-118
177542,177542,MiniPAT,DS,12,0,0,70,59,03:16:29 29-Jan-2019,MC,2,-2.7545,-87.1736,-2.7545,-87.1736,58,,401677381,-115
177542,177542,MiniPAT,DS,5,0,2,104,59,03:49:49 29-Jan-2019,MB,3,-2.7543,-87.1754,-2.7543,-87.1754,58,,401677381,-131
177542,177542,MiniPAT,DS,5,0,2,89,59,03:49:07 29-Jan-2019,NN,1,-2.7504,-87.1746,-2.7504,-87.1746,58,,401677380,-132
177542,177542,MiniPAT,DS,8,0,2,69,59,04:17:43 29-Jan-2019,MA,3,-2.7546,-87.1776,-2.7546,-87.1776,56,,401677381,-124
177542,177542,MiniPAT,DS,4,0,2,144,64,04:50:04 29-Jan-2019,MC,2,-2.7609,-87.1815,-2.7609,-87.1815,58,,401677383,-126
177542,177542,MiniPAT,DS,10,0,0,59,59,09:12:06 29-Jan-2019,NP,3,-2.7554,-87.1996,-2.7554,-87.1996,58,,401677384,-128
177542,177542,MiniPAT,DS,5,0,3,59,59,10:15:22 29-Jan-2019,SR,1,-2.7454,-87.2120,-2.7454,-87.2120,58,,401677380,-132
177542,177542,MiniPAT,DS,11,0,1,65,59,10:50:09 29-Jan-2019,NP,3,-2.7501,-87.2122,-2.7501,-87.2122,58,,401677384,-123
177542,177542,MiniPAT,DS,7,0,2,59,59,11:04:37 29-Jan-2019,NK,2,-2.7561,-87.2099,-2.7561,-87.2099,56,,401677384,-130
177542,177542,MiniPAT,DS,12,0,1,59,59,11:53:23 29-Jan-2019,SR,2,-2.7492,-87.2117,-2.7492,-87.2117,58,,401677383,-121
177542,177542,MiniPAT,DS,12,0,2,65,59,12:40:16 29-Jan-2019,NK,3,-2.7504,-87.2152,-2.7504,-87.2152,58,,401677383,-131
177542,177542,MiniPAT,DS,9,0,0,67,59,13:08:42 29-Jan-2019,NN,3,-2.7493,-87.2199,-2.7493,-87.2199,56,,401677381,-127
177542,177542,MiniPAT,DS,7,0,2,80,59,13:39:34 29-Jan-2019,MA,2,-2.7505,-87.2227,-2.7505,-87.2227,58,,401677381,-124
177542,177542,MiniPAT,DS,11,0,1,59,59,14:08:32 29-Jan-2019,MC,3,-2.7466,-87.2247,-2.7466,-87.2247,56,,401677383,-121
177542,177542,MiniPAT,DS,10,0,5,86,59,14:40:15 29-Jan-2019,MB,3,-2.7460,-87.2280,-2.7460,-87.2280,58,,401677381,-130
177542,177542,MiniPAT,DS,12,0,0,65,59,14:49:12 29-Jan-2019,NN,3,-2.7474,-87.2306,-2.7474,-87.2306,56,,401677382,-125
177542,177542,MiniPAT,DS,12,0,1,65,59,15:13:37 29-Jan-2019,MA,3,-2.7474,-87.2312,-2.7474,-87.2312,56,,401677382,-120
177542,177542,MiniPAT,DS,13,0,0,64,59,15:45:59 29-Jan-2019,MC,3,-2.7449,-87.2377,-2.7449,-87.2377,58,,401677381,-119
177542,177542,MiniPAT,DS,2,0,2,356,356,16:29:46 29-Jan-2019,MB,B,-2.7438,-87.2408,-2.7438,-87.2408,8,,401677381,-134
177542,177542,MiniPAT,DS,13,0,3,64,59,21:59:33 29-Jan-2019,NP,3,-2.7385,-87.2969,-2.7385,-87.2969,58,,401677380,-121
177542,177542,MiniPAT,DS,11,0,2,65,59,22:45:45 29-Jan-2019,SR,3,-2.7343,-87.2993,-2.7343,-87.2993,58,,401677381,-125
177542,177542,MiniPAT,DS,11,0,3,59,59,23:35:58 29-Jan-2019,NP,3,-2.7285,-87.3053,-2.7285,-87.3053,58,,401677380,-128
177542,177542,MiniPAT,DS,11,0,3,59,59,23:40:28 29-Jan-2019,NK,3,-2.7284,-87.3076,-2.7284,-87.3076,56,,401677380,-125
177542,177542,MiniPAT,DS,13,0,3,64,59,00:30:10 30-Jan-2019,SR,3,-2.7221,-87.3110,-2.7221,-87.3110,58,,401677382,-124
177542,177542,MiniPAT,DS,11,0,1,65,59,01:25:26 30-Jan-2019,NK,3,-2.7183,-87.3131,-2.7183,-87.3131,58,,401677381,-122
177542,177542,MiniPAT,DS,15,0,2,59,59,01:59:48 30-Jan-2019,NN,3,-2.7139,-87.3125,-2.7139,-87.3125,58,,401677381,-122
177542,177542,MiniPAT,DS,11,0,0,65,59,02:20:39 30-Jan-2019,MA,3,-2.7120,-87.3140,-2.7120,-87.3140,56,,401677382,-118
177542,177542,MiniPAT,DS,10,0,1,73,59,02:54:42 30-Jan-2019,MC,3,-2.7070,-87.3167,-2.7070,-87.3167,58,,401677382,-114
177542,177542,MiniPAT,DS,8,0,4,93,59,03:30:17 30-Jan-2019,MB,1,-2.7040,-87.3176,-2.7040,-87.3176,58,,401677382,-124
177542,177542,MiniPAT,DS,7,0,4,69,59,03:34:58 30-Jan-2019,NN,2,-2.7064,-87.3160,-2.7064,-87.3160,58,,401677384,-130
177542,177542,MiniPAT,DS,9,0,1,66,59,03:57:14 30-Jan-2019,MA,3,-2.6994,-87.3195,-2.6994,-87.3195,56,,401677382,-120
177542,177542,MiniPAT,DS,11,0,3,59,59,04:28:40 30-Jan-2019,MC,3,-2.6952,-87.3279,-2.6952,-87.3279,58,,401677385,-121
177542,177542,MiniPAT,DS,9,0,1,59,59,09:00:00 30-Jan-2019,NP,2,-2.6774,-87.3683,-2.6774,-87.3683,58,,401677386,-129
177542,177542,MiniPAT,DS,13,0,5,69,59,10:36:25 30-Jan-2019,NP,3,-2.6696,-87.3871,-2.6696,-87.3871,58,,401677386,-125
177542,177542,MiniPAT,DS,13,0,3,59,59,11:22:41 30-Jan-2019,SR,3,-2.6646,-87.3894,-2.6646,-87.3894,58,,401677385,-118
177542,177542,MiniPAT,DS,11,0,1,77,59,12:13:23 30-Jan-2019,NK,3,-2.6574,-87.3911,-2.6574,-87.3911,58,,401677385,-122
177542,177542,MiniPAT,DS,9,0,1,74,59,12:57:05 30-Jan-2019,NN,3,-2.6501,-87.3942,-2.6501,-87.3942,58,,401677386,-127
177542,177542,MiniPAT,DS,8,0,1,77,59,12:58:05 30-Jan-2019,SR,3,-2.6496,-87.3938,-2.6496,-87.3938,56,,401677385,-130
177542,177542,MiniPAT,DS,2,0,2,59,59,13:17:29 30-Jan-2019,MA,B,-2.6496,-87.3937,-2.6496,-87.3937,6,,401677384,-131
177542,177542,MiniPAT,DS,7,0,5,79,59,13:48:53 30-Jan-2019,MC,2,-2.6493,-87.3945,-2.6493,-87.3945,58,,401677386,-127
177542,177542,MiniPAT,DS,6,0,2,72,60,13:57:51 30-Jan-2019,NK,1,-2.6367,-87.4018,-2.6367,-87.4018,56,,401677388,-129
177542,177542,MiniPAT,DS,2,0,1,59,59,14:22:53 30-Jan-2019,MB,B,-2.6335,-87.4065,-2.6335,-87.4065,6,,401677385,-129
177542,177542,MiniPAT,DS,10,0,0,66,59,14:37:52 30-Jan-2019,NN,3,-2.6341,-87.4038,-2.6341,-87.4038,56,,401677383,-123
177542,177542,MiniPAT,DS,14,0,0,64,59,14:52:49 30-Jan-2019,MA,1,-2.6309,-87.4055,-2.6309,-87.4055,56,,401677385,-117
177542,177542,MiniPAT,DS,13,0,1,59,59,15:25:41 30-Jan-2019,MC,3,-2.6241,-87.4086,-2.6241,-87.4086,58,,401677384,-131
177542,177542,MiniPAT,DS,3,0,3,178,119,16:09:27 30-Jan-2019,MB,A,-2.6152,-87.4163,-2.6152,-87.4163,8,,401677384,-126
177542,177542,MiniPAT,DS,5,0,4,74,59,16:39:54 30-Jan-2019,MA,1,-2.6141,-87.4263,-2.6141,-87.4263,58,,401677382,-129
177542,177542,MiniPAT,DS,13,0,2,64,59,21:49:10 30-Jan-2019,NP,3,-2.5805,-87.4958,-2.5805,-87.4958,58,,401677381,-122
177542,177542,MiniPAT,DS,6,0,1,83,59,22:15:59 30-Jan-2019,SR,2,-2.5771,-87.5003,-2.5771,-87.5003,56,,401677380,-132
177542,177542,MiniPAT,DS,8,0,2,68,59,23:15:05 30-Jan-2019,NK,2,-2.5725,-87.5191,-2.5725,-87.5191,58,,401677383,-130
177542,177542,MiniPAT,DS,11,0,1,65,59,23:23:53 30-Jan-2019,NP,3,-2.5656,-87.5242,-2.5656,-87.5242,58,,401677382,-125
177542,177542,MiniPAT,DS,12,0,3,70,59,23:53:26 30-Jan-2019,SR,3,-2.5612,-87.5342,-2.5612,-87.5342,56,,401677382,-121
177542,177542,MiniPAT,DS,11,0,1,76,59,00:49:41 31-Jan-2019,NK,3,-2.5545,-87.5463,-2.5545,-87.5463,58,,401677382,-125
177542,177542,MiniPAT,DS,14,0,2,59,59,01:47:18 31-Jan-2019,NN,3,-2.5490,-87.5557,-2.5490,-87.5557,58,,401677382,-124
177542,177542,MiniPAT,DS,7,0,2,100,59,01:58:49 31-Jan-2019,MA,3,-2.5543,-87.5537,-2.5543,-87.5537,56,,401677384,-118
177542,177542,MiniPAT,DS,10,0,1,73,59,02:34:08 31-Jan-2019,MC,3,-2.5426,-87.5588,-2.5426,-87.5588,58,,401677383,-116
177542,177542,MiniPAT,DS,9,0,3,82,59,03:21:33 31-Jan-2019,NN,1,-2.5575,-87.5867,-2.5575,-87.5867,47,,401677398,-127
177542,177542,MiniPAT,DS,12,0,1,65,59,03:41:39 31-Jan-2019,MA,3,-2.5419,-87.5648,-2.5419,-87.5648,56,,401677387,-115
177542,177542,MiniPAT,DS,10,0,3,59,59,04:08:55 31-Jan-2019,MC,3,-2.5357,-87.5673,-2.5357,-87.5673,56,,401677382,-118
177542,177542,MiniPAT,DS,6,0,1,71,59,08:53:09 31-Jan-2019,NP,2,-2.5182,-87.6144,-2.5182,-87.6144,58,,401677385,-131
177542,177542,MiniPAT,DS,14,0,3,59,59,10:25:48 31-Jan-2019,NP,3,-2.5066,-87.6384,-2.5066,-87.6384,58,,401677385,-120
177542,177542,MiniPAT,DS,9,0,1,74,59,10:49:43 31-Jan-2019,SR,3,-2.5058,-87.6423,-2.5058,-87.6423,56,,401677385,-124
177542,177542,MiniPAT,DS,13,0,0,59,59,11:50:02 31-Jan-2019,NK,3,-2.5003,-87.6525,-2.5003,-87.6525,58,,401677387,-127
177542,177542,MiniPAT,DS,1,0,1,,,12:13:26 31-Jan-2019,NP,B,-2.4987,-87.6579,-2.4987,-87.6579,6,,401677384,-140
177542,177542,MiniPAT,DS,10,0,2,73,59,12:25:54 31-Jan-2019,SR,3,-2.4941,-87.6565,-2.4941,-87.6565,58,,401677384,-124
177542,177542,MiniPAT,DS,8,0,3,68,59,12:49:29 31-Jan-2019,NN,3,-2.4938,-87.6589,-2.4938,-87.6589,56,,401677382,-129
177542,177542,MiniPAT,DS,10,0,4,60,59,13:32:59 31-Jan-2019,NK,3,-2.4849,-87.6670,-2.4849,-87.6670,58,,401677384,-122
177542,177542,MiniPAT,DS,1,0,1,,,14:08:52 31-Jan-2019,MB,B,-2.4798,-87.6747,-2.4798,-87.6747,8,,401677384,-133
177542,177542,MiniPAT,DS,10,0,2,79,60,14:25:47 31-Jan-2019,NN,3,-2.4784,-87.6735,-2.4784,-87.6735,58,,401677384,-120
177542,177542,MiniPAT,DS,13,0,2,64,59,14:30:47 31-Jan-2019,MA,3,-2.4779,-87.6778,-2.4779,-87.6778,56,,401677384,-126
177542,177542,MiniPAT,DS,13,0,1,59,59,15:07:15 31-Jan-2019,MC,3,-2.4782,-87.6900,-2.4782,-87.6900,58,,401677384,-116
177542,177542,MiniPAT,DS,8,0,3,76,59,15:42:34 31-Jan-2019,MB,3,-2.4788,-87.6887,-2.4788,-87.6887,58,,401677382,-127
177542,177542,MiniPAT,DS,7,0,0,79,59,16:13:16 31-Jan-2019,MA,3,-2.4758,-87.6926,-2.4758,-87.6926,58,,401677383,-124
177542,177542,MiniPAT,DS,8,0,2,59,59,16:54:32 31-Jan-2019,MC,2,-2.4841,-87.7020,-2.4841,-87.7020,58,,401677379,-126
177542,177542,MiniPAT,DS,12,0,2,65,59,21:36:51 31-Jan-2019,NP,3,-2.4827,-87.7555,-2.4827,-87.7555,68,,401677380,-125
177542,177542,MiniPAT,DS,12,0,3,65,59,23:18:17 31-Jan-2019,NP,3,-2.4886,-87.7768,-2.4886,-87.7768,58,,401677381,-124
177542,177542,MiniPAT,DS,14,0,2,59,59,23:21:15 31-Jan-2019,SR,3,-2.4892,-87.7812,-2.4892,-87.7812,56,,401677381,-124
177542,177542,MiniPAT,DS,14,0,0,59,59,00:34:20 01-Feb-2019,NK,3,-2.4936,-87.7973,-2.4936,-87.7973,58,,401677382,-121
177542,177542,MiniPAT,DS,6,0,3,83,59,01:06:26 01-Feb-2019,SR,3,-2.4960,-87.8063,-2.4960,-87.8063,58,,401677382,-130
177542,177542,MiniPAT,DS,12,0,0,64,59,01:36:24 01-Feb-2019,NN,3,-2.4963,-87.8098,-2.4963,-87.8098,56,,401677383,-123
177542,177542,MiniPAT,DS,7,0,1,59,59,01:37:53 01-Feb-2019,MA,2,-2.4974,-87.8078,-2.4974,-87.8078,56,,401677384,-125
177542,177542,MiniPAT,DS,10,0,3,66,59,02:10:14 01-Feb-2019,MC,2,-2.4979,-87.8158,-2.4979,-87.8158,56,,401677383,-121
177542,177542,MiniPAT,DS,8,0,5,68,59,02:08:25 01-Feb-2019,NK,1,-2.4988,-87.8203,-2.4988,-87.8203,58,,401677386,-130
177542,177542,MiniPAT,DS,9,0,4,82,59,02:46:17 01-Feb-2019,MB,3,-2.4982,-87.8235,-2.4982,-87.8235,58,,401677383,-130
177542,177542,MiniPAT,DS,12,0,3,59,59,03:11:20 01-Feb-2019,NN,3,-2.4981,-87.8292,-2.4981,-87.8292,56,,401677383,-125
177542,177542,MiniPAT,DS,14,0,3,59,59,03:19:50 01-Feb-2019,MA,3,-2.4975,-87.8272,-2.4975,-87.8272,56,,401677383,-115
177542,177542,MiniPAT,DS,12,0,2,70,59,03:45:40 01-Feb-2019,MC,3,-2.5004,-87.8383,-2.5004,-87.8383,56,,401677383,-121
177542,177542,MiniPAT,DS,4,0,4,159,59,04:20:42 01-Feb-2019,MB,2,-2.5013,-87.8463,-2.5013,-87.8463,58,,401677383,-129
177542,177542,MiniPAT,DS,1,0,1,,,04:54:53 01-Feb-2019,MA,B,-2.5026,-87.8553,-2.5026,-87.8553,8,,401677382,-135
177542,177542,MiniPAT,DS,14,0,1,64,59,10:13:41 01-Feb-2019,NP,2,-2.5100,-87.9129,-2.5100,-87.9129,58,,401677383,-123
177542,177542,MiniPAT,DS,6,0,5,71,59,10:20:08 01-Feb-2019,SR,2,-2.5094,-87.9080,-2.5094,-87.9080,56,,401677382,-128
177542,177542,MiniPAT,DS,9,0,3,66,59,11:28:26 01-Feb-2019,NK,3,-2.5115,-87.9192,-2.5115,-87.9192,58,,401677383,-125
177542,177542,MiniPAT,DS,11,0,3,71,59,11:59:26 01-Feb-2019,SR,3,-2.5116,-87.9262,-2.5116,-87.9262,56,,401677383,-122
177542,177542,MiniPAT,DS,4,0,3,118,59,11:59:13 01-Feb-2019,NP,2,-2.5148,-87.9274,-2.5148,-87.9274,68,,401677383,-132
177542,177542,MiniPAT,DS,6,0,3,59,59,12:39:02 01-Feb-2019,NN,1,-2.5186,-87.9329,-2.5186,-87.9329,58,,401677380,-132
177542,177542,MiniPAT,DS,12,0,2,65,59,13:04:21 01-Feb-2019,NK,3,-2.5150,-87.9364,-2.5150,-87.9364,56,,401677384,-116
177542,177542,MiniPAT,DS,8,0,0,67,59,14:12:26 01-Feb-2019,MA,2,-2.5160,-87.9480,-2.5160,-87.9480,58,,401677384,-121
177542,177542,MiniPAT,DS,11,0,1,77,59,14:12:56 01-Feb-2019,NN,3,-2.5169,-87.9484,-2.5169,-87.9484,56,,401677383,-124
177542,177542,MiniPAT,DS,11,0,1,65,59,14:47:47 01-Feb-2019,MC,3,-2.5169,-87.9545,-2.5169,-87.9545,58,,401677384,-118
177542,177542,MiniPAT,DS,6,0,3,107,59,15:28:17 01-Feb-2019,MB,1,-2.5198,-87.9613,-2.5198,-87.9613,58,,401677383,-127
177542,177542,MiniPAT,DS,9,0,2,75,59,15:52:17 01-Feb-2019,MA,3,-2.5214,-87.9705,-2.5214,-87.9705,56,,401677384,-121
177542,177542,MiniPAT,DS,10,0,2,60,59,16:26:42 01-Feb-2019,MC,3,-2.5245,-87.9770,-2.5245,-87.9770,58,,401677380,-122
177542,177542,MiniPAT,DS,11,0,1,59,59,21:24:46 01-Feb-2019,NP,3,-2.5153,-88.0514,-2.5153,-88.0514,58,,401677381,-128
177542,177542,MiniPAT,DS,8,0,3,85,59,22:52:57 01-Feb-2019,SR,3,-2.5047,-88.0692,-2.5047,-88.0692,58,,401677382,-123
177542,177542,MiniPAT,DS,14,0,2,59,59,22:59:25 01-Feb-2019,NP,3,-2.5060,-88.0699,-2.5060,-88.0699,56,,401677381,-125
177542,177542,MiniPAT,DS,11,0,2,71,59,00:08:33 02-Feb-2019,NK,3,-2.5113,-88.0781,-2.5113,-88.0781,58,,401677383,-121
177542,177542,MiniPAT,DS,12,0,4,60,59,00:31:28 02-Feb-2019,SR,3,-2.5118,-88.0795,-2.5118,-88.0795,56,,401677382,-124
177542,177542,MiniPAT,DS,9,0,1,67,59,01:21:56 02-Feb-2019,NN,3,-2.5179,-88.0856,-2.5179,-88.0856,58,,401677384,-124
177542,177542,MiniPAT,DS,11,0,5,59,59,01:42:50 02-Feb-2019,NK,3,-2.5157,-88.0918,-2.5157,-88.0918,56,,401677382,-125
177542,177542,MiniPAT,DS,3,0,2,119,119,01:50:20 02-Feb-2019,MC,A,-2.5171,-88.0960,-2.5171,-88.0960,6,,401677382,-127
177542,177542,MiniPAT,DS,2,0,2,298,298,02:24:43 02-Feb-2019,MB,B,-2.5170,-88.1009,-2.5170,-88.1009,8,,401677383,-132
177542,177542,MiniPAT,DS,13,0,3,64,59,02:59:05 02-Feb-2019,MA,3,-2.5136,-88.1059,-2.5136,-88.1059,58,,401677383,-118
177542,177542,MiniPAT,DS,11,0,2,77,59,02:59:48 02-Feb-2019,NN,3,-2.5127,-88.1047,-2.5127,-88.1047,56,,401677382,-124
177542,177542,MiniPAT,DS,6,0,1,83,59,03:25:48 02-Feb-2019,MC,2,-2.5121,-88.1063,-2.5121,-88.1063,66,,401677383,-117
177542,177542,MiniPAT,DS,9,0,5,59,59,04:38:14 02-Feb-2019,MA,1,-2.5291,-88.1476,-2.5291,-88.1476,57,,401677400,-127
177542,177542,MiniPAT,DS,8,0,5,120,59,10:01:29 02-Feb-2019,NP,3,-2.5078,-88.1766,-2.5078,-88.1766,58,,401677386,-120
177542,177542,MiniPAT,DS,5,0,2,59,59,11:04:55 02-Feb-2019,NK,1,-2.5099,-88.1870,-2.5099,-88.1870,58,,401677385,-131
177542,177542,MiniPAT,DS,14,0,2,59,59,11:35:17 02-Feb-2019,SR,3,-2.5096,-88.1888,-2.5096,-88.1888,58,,401677386,-120
177542,177542,MiniPAT,DS,10,0,2,59,59,11:46:47 02-Feb-2019,NP,3,-2.5079,-88.1921,-2.5079,-88.1921,56,,401677386,-130
177542,177542,MiniPAT,DS,11,0,2,71,59,12:40:05 02-Feb-2019,NK,2,-2.5097,-88.2012,-2.5097,-88.2012,58,,401677385,-121
177542,177542,MiniPAT,DS,9,0,0,59,59,13:05:53 02-Feb-2019,SR,3,-2.5101,-88.2043,-2.5101,-88.2043,56,,401677384,-127
177542,177542,MiniPAT,DS,10,0,1,66,59,13:50:41 02-Feb-2019,MA,3,-2.5134,-88.2087,-2.5134,-88.2087,58,,401677386,-130
177542,177542,MiniPAT,DS,13,0,1,64,59,14:01:40 02-Feb-2019,NN,2,-2.5165,-88.2128,-2.5165,-88.2128,56,,401677384,-123
177542,177542,MiniPAT,DS,9,0,1,74,59,14:27:03 02-Feb-2019,MC,3,-2.5195,-88.2140,-2.5195,-88.2140,56,,401677386,-120
177542,177542,MiniPAT,DS,8,0,3,85,59,15:00:25 02-Feb-2019,MB,3,-2.5247,-88.2206,-2.5247,-88.2206,58,,401677385,-125
177542,177542,MiniPAT,DS,9,0,1,81,59,15:29:21 02-Feb-2019,MA,3,-2.5311,-88.2198,-2.5311,-88.2198,56,,401677385,-125
177542,177542,MiniPAT,DS,5,0,0,75,59,15:44:13 02-Feb-2019,NN,1,-2.5299,-88.2280,-2.5299,-88.2280,56,,401677386,-130
177542,177542,MiniPAT,DS,12,0,0,64,59,16:14:05 02-Feb-2019,MC,3,-2.5376,-88.2284,-2.5376,-88.2284,56,,401677381,-120
177542,177542,MiniPAT,DS,1,0,1,,,16:41:56 02-Feb-2019,MB,B,-2.5407,-88.2303,-2.5407,-88.2303,6,,401677383,-133
177542,177542,MiniPAT,DS,9,0,2,74,59,21:06:50 02-Feb-2019,NP,3,-2.5749,-88.2836,-2.5749,-88.2836,58,,401677377,-130
177542,177542,MiniPAT,DS,7,0,1,59,59,22:22:55 02-Feb-2019,SR,2,-2.5777,-88.2997,-2.5777,-88.2997,58,,401677382,-131
177542,177542,MiniPAT,DS,15,0,1,59,59,22:54:44 02-Feb-2019,NP,3,-2.5895,-88.3091,-2.5895,-88.3091,58,,401677378,-123
177542,177542,MiniPAT,DS,11,0,2,59,59,23:43:56 02-Feb-2019,NK,3,-2.6002,-88.3132,-2.6002,-88.3132,58,,401677379,-129
177542,177542,MiniPAT,DS,14,0,2,59,59,23:59:20 02-Feb-2019,SR,3,-2.6044,-88.3170,-2.6044,-88.3170,56,,401677380,-120
177542,177542,MiniPAT,DS,10,0,1,73,59,01:05:50 03-Feb-2019,NN,3,-2.6168,-88.3266,-2.6168,-88.3266,58,,401677381,-127
177542,177542,MiniPAT,DS,12,0,1,64,59,01:16:16 03-Feb-2019,NK,3,-2.6194,-88.3337,-2.6194,-88.3337,56,,401677380,-121
177542,177542,MiniPAT,DS,14,0,0,59,59,02:37:38 03-Feb-2019,MA,3,-2.6354,-88.3423,-2.6354,-88.3423,58,,401677381,-118
177542,177542,MiniPAT,DS,14,0,1,64,59,02:46:03 03-Feb-2019,NN,3,-2.6387,-88.3466,-2.6387,-88.3466,56,,401677381,-123
177542,177542,MiniPAT,DS,13,0,0,64,59,03:12:56 03-Feb-2019,MC,3,-2.6416,-88.3493,-2.6416,-88.3493,56,,401677380,-116
177542,177542,MiniPAT,DS,7,0,5,89,59,03:37:43 03-Feb-2019,MB,2,-2.6503,-88.3539,-2.6503,-88.3539,56,,401677382,-127
177542,177542,MiniPAT,DS,12,0,2,59,59,04:18:31 03-Feb-2019,MA,3,-2.6565,-88.3630,-2.6565,-88.3630,58,,401677380,-120
177542,177542,MiniPAT,DS,9,0,1,59,59,04:46:52 03-Feb-2019,MC,2,-2.6638,-88.3675,-2.6638,-88.3675,56,,401677381,-124
177542,177542,MiniPAT,DS,14,0,0,59,59,09:50:40 03-Feb-2019,NP,3,-2.7679,-88.3895,-2.7679,-88.3895,58,,401677382,-122
177542,177542,MiniPAT,DS,11,0,2,65,59,10:57:43 03-Feb-2019,SR,3,-2.7838,-88.3878,-2.7838,-88.3878,58,,401677382,-127
177542,177542,MiniPAT,DS,12,0,1,59,59,11:32:57 03-Feb-2019,NP,3,-2.7930,-88.3921,-2.7930,-88.3921,58,,401677382,-127
177542,177542,MiniPAT,DS,12,0,0,65,59,12:14:10 03-Feb-2019,NK,3,-2.8012,-88.3990,-2.8012,-88.3990,58,,401677382,-123
177542,177542,MiniPAT,DS,12,0,1,65,59,12:33:02 03-Feb-2019,SR,3,-2.8069,-88.4008,-2.8069,-88.4008,56,,401677382,-124
177542,177542,MiniPAT,DS,8,0,2,60,59,13:35:15 03-Feb-2019,MA,1,-2.8240,-88.4037,-2.8240,-88.4037,58,,401677381,-126
177542,177542,MiniPAT,DS,12,0,1,75,59,13:49:40 03-Feb-2019,NN,3,-2.8270,-88.4064,-2.8270,-88.4064,58,,401677383,-123
177542,177542,MiniPAT,DS,8,0,2,59,59,13:59:05 03-Feb-2019,NK,2,-2.8260,-88.4070,-2.8260,-88.4070,56,,401677383,-128
177542,177542,MiniPAT,DS,8,0,2,68,59,14:05:34 03-Feb-2019,MC,2,-2.8282,-88.4090,-2.8282,-88.4090,56,,401677383,-120
177542,177542,MiniPAT,DS,6,0,6,144,59,14:38:49 03-Feb-2019,MB,2,-2.8364,-88.4119,-2.8364,-88.4119,58,,401677384,-130
177542,177542,MiniPAT,DS,15,0,1,59,59,15:08:13 03-Feb-2019,MA,2,-2.8466,-88.4125,-2.8466,-88.4125,56,,401677383,-120
177542,177542,MiniPAT,DS,9,0,0,59,59,15:34:26 03-Feb-2019,NN,3,-2.8510,-88.4163,-2.8510,-88.4163,56,,401677381,-127
177542,177542,MiniPAT,DS,13,0,0,64,59,15:43:20 03-Feb-2019,MC,3,-2.8552,-88.4165,-2.8552,-88.4165,56,,401677381,-118
177542,177542,MiniPAT,DS,7,0,4,99,59,16:18:35 03-Feb-2019,MB,3,-2.8639,-88.4212,-2.8639,-88.4212,58,,401677381,-130
177542,177542,MiniPAT,DS,6,0,3,59,59,21:01:59 03-Feb-2019,NP,1,-2.9183,-88.4245,-2.9183,-88.4245,58,,401677377,-132
177542,177542,MiniPAT,DS,15,0,1,59,59,22:34:46 03-Feb-2019,NP,3,-2.9487,-88.4278,-2.9487,-88.4278,58,,401677380,-122
177542,177542,MiniPAT,DS,4,0,2,99,60,23:19:00 03-Feb-2019,NK,1,-2.9621,-88.4232,-2.9621,-88.4232,58,,401677381,-132
177542,177542,MiniPAT,DS,10,0,1,66,59,23:31:00 03-Feb-2019,SR,3,-2.9665,-88.4295,-2.9665,-88.4295,56,,401677382,-120
177542,177542,MiniPAT,DS,11,0,0,71,59,00:54:57 04-Feb-2019,NK,2,-2.9964,-88.4304,-2.9964,-88.4304,58,,401677382,-121
177542,177542,MiniPAT,DS,5,0,1,120,59,00:57:29 04-Feb-2019,NN,2,-2.9948,-88.4248,-2.9948,-88.4248,56,,401677382,-130
177542,177542,MiniPAT,DS,8,0,2,59,59,01:12:58 04-Feb-2019,SR,3,-3.0002,-88.4245,-3.0002,-88.4245,66,,401677383,-130
177542,177542,MiniPAT,DS,13,0,1,59,59,02:16:31 04-Feb-2019,MA,3,-3.0226,-88.4210,-3.0226,-88.4210,58,,401677383,-120
177542,177542,MiniPAT,DS,14,0,1,59,59,02:41:49 04-Feb-2019,NN,3,-3.0273,-88.4209,-3.0273,-88.4209,56,,401677382,-121
177542,177542,MiniPAT,DS,13,0,0,59,59,02:50:45 04-Feb-2019,MC,3,-3.0288,-88.4180,-3.0288,-88.4180,56,,401677383,-116
177542,177542,MiniPAT,DS,12,0,1,70,59,03:25:44 04-Feb-2019,MB,2,-3.0360,-88.4146,-3.0360,-88.4146,58,,401677382,-123
177542,177542,MiniPAT,DS,13,0,1,64,59,03:57:33 04-Feb-2019,MA,3,-3.0472,-88.4189,-3.0472,-88.4189,58,,401677382,-117
177542,177542,MiniPAT,DS,12,0,1,59,59,04:24:59 04-Feb-2019,MC,3,-3.0591,-88.4172,-3.0591,-88.4172,56,,401677384,-121
177542,177542,MiniPAT,DS,14,0,0,59,59,09:39:11 04-Feb-2019,NP,3,-3.1024,-88.3995,-3.1024,-88.3995,58,,401677384,-124
177542,177542,MiniPAT,DS,4,0,2,79,59,10:29:54 04-Feb-2019,SR,1,-3.0979,-88.4040,-3.0979,-88.4040,58,,401677378,-129
177542,177542,MiniPAT,DS,12,0,0,65,59,11:21:28 04-Feb-2019,NP,3,-3.1147,-88.3988,-3.1147,-88.3988,58,,401677385,-124
177542,177542,MiniPAT,DS,13,0,0,59,59,11:49:47 04-Feb-2019,NK,3,-3.1171,-88.3994,-3.1171,-88.3994,56,,401677385,-132
177542,177542,MiniPAT,DS,11,0,1,65,59,12:10:38 04-Feb-2019,SR,3,-3.1169,-88.4003,-3.1169,-88.4003,56,,401677384,-121
177542,177542,MiniPAT,DS,9,0,1,59,59,13:32:47 04-Feb-2019,NK,2,-3.1333,-88.4035,-3.1333,-88.4035,58,,401677385,-124
177542,177542,MiniPAT,DS,14,0,3,64,59,13:41:15 04-Feb-2019,NN,3,-3.1333,-88.4056,-3.1333,-88.4056,56,,401677384,-124
177542,177542,MiniPAT,DS,6,0,2,60,59,13:47:14 04-Feb-2019,MC,2,-3.1320,-88.4046,-3.1320,-88.4046,56,,401677384,-127
177542,177542,MiniPAT,DS,1,0,1,,,14:25:41 04-Feb-2019,MB,B,-3.1402,-88.4043,-3.1402,-88.4043,8,,401677385,-132
177542,177542,MiniPAT,DS,12,0,2,60,59,14:50:34 04-Feb-2019,MA,2,-3.1512,-88.4105,-3.1512,-88.4105,56,,401677383,-120
177542,177542,MiniPAT,DS,10,0,2,66,59,15:22:56 04-Feb-2019,NN,3,-3.1652,-88.4048,-3.1652,-88.4048,58,,401677387,-127
177542,177542,MiniPAT,DS,12,0,1,70,59,15:23:55 04-Feb-2019,MC,3,-3.1636,-88.4001,-3.1636,-88.4001,56,,401677384,-121
177542,177542,MiniPAT,DS,9,0,5,82,59,15:58:41 04-Feb-2019,MB,2,-3.1754,-88.3998,-3.1754,-88.3998,58,,401677384,-130
177542,177542,MiniPAT,DS,8,0,3,59,59,16:36:06 04-Feb-2019,MA,2,-3.1786,-88.3975,-3.1786,-88.3975,58,,401677386,-125
177542,177542,MiniPAT,DS,1,0,1,,,20:48:50 04-Feb-2019,NP,B,-3.2536,-88.3791,-3.2536,-88.3791,8,,401677373,-140
177542,177542,MiniPAT,DS,12,0,2,60,59,22:29:54 04-Feb-2019,NP,2,-3.3160,-88.3685,-3.3160,-88.3685,58,,401677383,-120
177542,177542,MiniPAT,DS,10,0,1,59,59,22:58:16 04-Feb-2019,SR,3,-3.3281,-88.3605,-3.3281,-88.3605,56,,401677383,-122
177542,177542,MiniPAT,DS,5,0,2,74,59,00:07:45 05-Feb-2019,NP,1,-3.3574,-88.3548,-3.3574,-88.3548,58,,401677384,-135
177542,177542,MiniPAT,DS,12,0,1,65,59,00:33:53 05-Feb-2019,NK,3,-3.3578,-88.3514,-3.3578,-88.3514,56,,401677382,-121
177542,177542,MiniPAT,DS,12,0,2,59,59,00:37:22 05-Feb-2019,SR,3,-3.3628,-88.3505,-3.3628,-88.3505,56,,401677383,-125
177542,177542,MiniPAT,DS,6,0,1,71,59,00:46:29 05-Feb-2019,NN,2,-3.3615,-88.3394,-3.3615,-88.3394,56,,401677382,-133
177542,177542,MiniPAT,DS,8,0,1,85,59,01:54:22 05-Feb-2019,MA,3,-3.3887,-88.3391,-3.3887,-88.3391,58,,401677384,-124
177542,177542,MiniPAT,DS,9,0,1,59,59,02:08:18 05-Feb-2019,NK,3,-3.3963,-88.3436,-3.3963,-88.3436,56,,401677382,-127
177542,177542,MiniPAT,DS,12,0,1,70,59,02:22:13 05-Feb-2019,NN,2,-3.3983,-88.3374,-3.3983,-88.3374,56,,401677383,-124
177542,177542,MiniPAT,DS,9,0,0,67,59,02:28:45 05-Feb-2019,MC,3,-3.3966,-88.3362,-3.3966,-88.3362,56,,401677383,-120
177542,177542,MiniPAT,DS,6,0,2,120,59,03:04:00 05-Feb-2019,MB,3,-3.4069,-88.3322,-3.4069,-88.3322,58,,401677383,-126
177542,177542,MiniPAT,DS,12,0,0,59,59,03:37:18 05-Feb-2019,MA,3,-3.4160,-88.3318,-3.4160,-88.3318,58,,401677383,-115
177542,177542,MiniPAT,DS,12,0,0,65,59,04:03:07 05-Feb-2019,MC,3,-3.4246,-88.3297,-3.4246,-88.3297,56,,401677382,-118
177542,177542,MiniPAT,DS,12,0,0,65,59,09:27:55 05-Feb-2019,NP,3,-3.4471,-88.3075,-3.4471,-88.3075,58,,401677384,-125
177542,177542,MiniPAT,DS,12,0,2,65,59,11:08:23 05-Feb-2019,NP,3,-3.4444,-88.3103,-3.4444,-88.3103,58,,401677383,-124
177542,177542,MiniPAT,DS,9,0,2,67,59,11:28:15 05-Feb-2019,NK,3,-3.4478,-88.3106,-3.4478,-88.3106,56,,401677383,-127
177542,177542,MiniPAT,DS,12,0,2,59,59,11:40:09 05-Feb-2019,SR,3,-3.4472,-88.3109,-3.4472,-88.3109,56,,401677383,-123
177542,177542,MiniPAT,DS,13,0,1,64,59,13:03:32 05-Feb-2019,NK,3,-3.4558,-88.3078,-3.4558,-88.3078,58,,401677383,-123
177542,177542,MiniPAT,DS,8,0,0,59,59,13:11:58 05-Feb-2019,SR,2,-3.4595,-88.3073,-3.4595,-88.3073,56,,401677383,-130
177542,177542,MiniPAT,DS,14,0,1,59,59,13:26:49 05-Feb-2019,NN,3,-3.4579,-88.3062,-3.4579,-88.3062,56,,401677384,-123
177542,177542,MiniPAT,DS,1,0,1,,,13:59:01 05-Feb-2019,MB,B,-3.4624,-88.3030,-3.4624,-88.3030,8,,401677382,-134
177542,177542,MiniPAT,DS,14,0,0,64,59,14:28:52 05-Feb-2019,MA,3,-3.4634,-88.3053,-3.4634,-88.3053,56,,401677384,-118
177542,177542,MiniPAT,DS,14,0,2,59,59,15:04:05 05-Feb-2019,MC,3,-3.4673,-88.3005,-3.4673,-88.3005,58,,401677383,-114
177542,177542,MiniPAT,DS,10,0,2,72,59,15:09:05 05-Feb-2019,NN,3,-3.4676,-88.3009,-3.4676,-88.3009,56,,401677384,-125
177542,177542,MiniPAT,DS,5,0,2,89,59,15:46:50 05-Feb-2019,MB,2,-3.4731,-88.2915,-3.4731,-88.2915,68,,401677381,-125
177542,177542,MiniPAT,DS,9,0,2,66,59,16:08:10 05-Feb-2019,MA,3,-3.4752,-88.2998,-3.4752,-88.2998,56,,401677383,-132
177542,177542,MiniPAT,DS,8,0,2,59,59,16:50:56 05-Feb-2019,MC,2,-3.4730,-88.2985,-3.4730,-88.2985,58,,401677384,-126
177542,177542,MiniPAT,DS,13,0,1,65,59,22:18:49 05-Feb-2019,NP,3,-3.4790,-88.2914,-3.4790,-88.2914,58,,401677381,-122
177542,177542,MiniPAT,DS,9,0,2,67,59,22:29:16 05-Feb-2019,SR,3,-3.4783,-88.2907,-3.4783,-88.2907,56,,401677382,-129
177542,177542,MiniPAT,DS,7,0,2,69,59,23:55:59 05-Feb-2019,NP,1,-3.4816,-88.3015,-3.4816,-88.3015,58,,401677383,-127
177542,177542,MiniPAT,DS,11,0,0,59,59,00:07:23 06-Feb-2019,NK,3,-3.4788,-88.3018,-3.4788,-88.3018,56,,401677382,-121
177542,177542,MiniPAT,DS,13,0,4,64,59,00:04:24 06-Feb-2019,SR,3,-3.4779,-88.3007,-3.4779,-88.3007,56,,401677383,-127
177542,177542,MiniPAT,DS,1,0,1,,,00:35:15 06-Feb-2019,NN,B,-3.4797,-88.3018,-3.4797,-88.3018,6,,401677381,-137
177542,177542,MiniPAT,DS,6,0,3,59,59,01:34:25 06-Feb-2019,MA,1,-3.4855,-88.3006,-3.4855,-88.3006,58,,401677382,-127
177542,177542,MiniPAT,DS,9,0,0,82,59,01:41:30 06-Feb-2019,NK,3,-3.4882,-88.3052,-3.4882,-88.3052,56,,401677382,-127
177542,177542,MiniPAT,DS,8,0,0,59,59,02:07:09 06-Feb-2019,MC,3,-3.4952,-88.2985,-3.4952,-88.2985,56,,401677384,-122
177542,177542,MiniPAT,DS,15,0,1,59,59,02:18:36 06-Feb-2019,NN,2,-3.4916,-88.2988,-3.4916,-88.2988,58,,401677382,-122
177542,177542,MiniPAT,DS,7,0,5,99,59,02:41:47 06-Feb-2019,MB,3,-3.4973,-88.3017,-3.4973,-88.3017,56,,401677383,-129
177542,177542,MiniPAT,DS,14,0,3,64,59,03:16:18 06-Feb-2019,MA,2,-3.5003,-88.3066,-3.5003,-88.3066,58,,401677382,-115
177542,177542,MiniPAT,DS,12,0,1,70,59,03:42:10 06-Feb-2019,MC,3,-3.5030,-88.3029,-3.5030,-88.3029,56,,401677382,-117
177542,177542,MiniPAT,DS,5,0,1,59,59,03:55:04 06-Feb-2019,NN,1,-3.5022,-88.3026,-3.5022,-88.3026,56,,401677382,-133
177542,177542,MiniPAT,DS,4,0,0,158,59,04:15:57 06-Feb-2019,MB,2,-3.5026,-88.3045,-3.5026,-88.3045,56,,401677381,-130
177542,177542,MiniPAT,DS,4,0,2,59,59,04:52:08 06-Feb-2019,MA,1,-3.5050,-88.3060,-3.5050,-88.3060,68,,401677380,-130
177542,177542,MiniPAT,DS,11,0,0,65,59,09:19:17 06-Feb-2019,NP,3,-3.5124,-88.2788,-3.5124,-88.2788,58,,401677386,-126
177542,177542,MiniPAT,DS,14,0,0,59,59,10:56:23 06-Feb-2019,NP,3,-3.5069,-88.2721,-3.5069,-88.2721,58,,401677383,-123
177542,177542,MiniPAT,DS,12,0,1,59,59,11:03:48 06-Feb-2019,SR,3,-3.5073,-88.2708,-3.5073,-88.2708,56,,401677383,-124
177542,177542,MiniPAT,DS,6,0,3,59,59,11:04:48 06-Feb-2019,NK,2,-3.5079,-88.2707,-3.5079,-88.2707,56,,401677383,-130
177542,177542,MiniPAT,DS,12,0,0,70,59,12:39:07 06-Feb-2019,NK,2,-3.5031,-88.2637,-3.5031,-88.2637,58,,401677383,-127
177542,177542,MiniPAT,DS,10,0,2,66,59,12:40:21 06-Feb-2019,SR,3,-3.5029,-88.2665,-3.5029,-88.2665,56,,401677382,-123
177542,177542,MiniPAT,DS,12,0,2,59,59,13:16:24 06-Feb-2019,NN,3,-3.5028,-88.2634,-3.5028,-88.2634,58,,401677381,-127
177542,177542,MiniPAT,DS,12,0,1,65,59,14:08:15 06-Feb-2019,MA,3,-3.4958,-88.2572,-3.4958,-88.2572,58,,401677383,-123
177542,177542,MiniPAT,DS,13,0,2,59,59,14:43:06 06-Feb-2019,MC,3,-3.4960,-88.2567,-3.4960,-88.2567,58,,401677381,-118
177542,177542,MiniPAT,DS,13,0,3,59,59,14:56:01 06-Feb-2019,NN,3,-3.4944,-88.2589,-3.4944,-88.2589,56,,401677381,-124
177542,177542,MiniPAT,DS,9,0,5,74,59,15:18:22 06-Feb-2019,MB,1,-3.4887,-88.2578,-3.4887,-88.2578,56,,401677381,-131
177542,177542,MiniPAT,DS,12,0,2,59,59,15:47:47 06-Feb-2019,MA,3,-3.4936,-88.2559,-3.4936,-88.2559,56,,401677381,-122
177542,177542,MiniPAT,DS,12,0,3,59,59,16:23:03 06-Feb-2019,MC,3,-3.4944,-88.2544,-3.4944,-88.2544,58,,401677384,-125
177542,177542,MiniPAT,DS,15,0,3,59,59,21:59:29 06-Feb-2019,NP,3,-3.4747,-88.2460,-3.4747,-88.2460,58,,401677381,-124
177542,177542,MiniPAT,DS,14,0,0,59,59,23:36:58 06-Feb-2019,SR,3,-3.4643,-88.2379,-3.4643,-88.2379,58,,401677382,-119
177542,177542,MiniPAT,DS,10,0,1,66,59,23:43:40 06-Feb-2019,NK,3,-3.4620,-88.2370,-3.4620,-88.2370,56,,401677381,-128
177542,177542,MiniPAT,DS,11,0,1,59,59,23:40:56 06-Feb-2019,NP,3,-3.4626,-88.2381,-3.4626,-88.2381,58,,401677382,-132
177542,177542,MiniPAT,DS,12,0,0,70,59,01:15:39 07-Feb-2019,NK,3,-3.4542,-88.2328,-3.4542,-88.2328,58,,401677382,-124
177542,177542,MiniPAT,DS,4,0,1,79,60,01:18:53 07-Feb-2019,SR,2,-3.4533,-88.2333,-3.4533,-88.2333,56,,401677383,-131
177542,177542,MiniPAT,DS,3,0,2,150,119,01:45:50 07-Feb-2019,MC,A,-3.4563,-88.2246,-3.4563,-88.2246,6,,401677384,-130
177542,177542,MiniPAT,DS,13,0,1,64,59,02:06:47 07-Feb-2019,NN,3,-3.4534,-88.2298,-3.4534,-88.2298,56,,401677382,-121
177542,177542,MiniPAT,DS,1,0,1,,,02:22:20 07-Feb-2019,MB,B,-3.4522,-88.2278,-3.4522,-88.2278,6,,401677382,-133
177542,177542,MiniPAT,DS,11,0,1,71,59,02:55:11 07-Feb-2019,MA,3,-3.4550,-88.2234,-3.4550,-88.2234,58,,401677382,-115
177542,177542,MiniPAT,DS,14,0,2,59,59,03:30:00 07-Feb-2019,MC,1,-3.4607,-88.2258,-3.4607,-88.2258,58,,401677382,-115
177542,177542,MiniPAT,DS,10,0,5,59,59,03:42:55 07-Feb-2019,NN,2,-3.4614,-88.2272,-3.4614,-88.2272,58,,401677381,-130
177542,177542,MiniPAT,DS,3,0,3,149,61,03:57:21 07-Feb-2019,MB,A,-3.4638,-88.2233,-3.4638,-88.2233,6,,401677381,-129
177542,177542,MiniPAT,DS,9,0,1,59,59,04:34:35 07-Feb-2019,MA,2,-3.4663,-88.2212,-3.4663,-88.2212,58,,401677381,-124
177542,177542,MiniPAT,DS,3,0,1,89,60,05:05:00 07-Feb-2019,MC,A,-3.4657,-88.2154,-3.4657,-88.2154,8,,401677380,-130
177542,177542,MiniPAT,DS,11,0,2,59,59,09:07:22 07-Feb-2019,NP,3,-3.4613,-88.1827,-3.4613,-88.1827,58,,401677386,-129
177542,177542,MiniPAT,DS,6,0,1,59,59,10:35:01 07-Feb-2019,SR,2,-3.4545,-88.1804,-3.4545,-88.1804,58,,401677383,-127
177542,177542,MiniPAT,DS,12,0,2,70,59,10:45:01 07-Feb-2019,NP,3,-3.4487,-88.1829,-3.4487,-88.1829,56,,401677383,-125
177542,177542,MiniPAT,DS,10,0,5,86,59,12:11:33 07-Feb-2019,SR,3,-3.4358,-88.1760,-3.4358,-88.1760,58,,401677383,-124
177542,177542,MiniPAT,DS,12,0,4,65,59,12:17:15 07-Feb-2019,NK,3,-3.4353,-88.1793,-3.4353,-88.1793,56,,401677384,-120
177542,177542,MiniPAT,DS,10,0,0,66,59,13:06:31 07-Feb-2019,NN,3,-3.4316,-88.1811,-3.4316,-88.1811,58,,401677383,-127
177542,177542,MiniPAT,DS,9,0,0,74,59,13:47:17 07-Feb-2019,MA,3,-3.4298,-88.1816,-3.4298,-88.1816,58,,401677382,-133
177542,177542,MiniPAT,DS,10,0,2,59,59,13:56:41 07-Feb-2019,NK,3,-3.4253,-88.1848,-3.4253,-88.1848,56,,401677383,-128
177542,177542,MiniPAT,DS,11,0,3,59,59,14:22:55 07-Feb-2019,MC,3,-3.4260,-88.1844,-3.4260,-88.1844,56,,401677383,-121
177542,177542,MiniPAT,DS,14,0,0,59,59,14:46:17 07-Feb-2019,NN,3,-3.4276,-88.1835,-3.4276,-88.1835,56,,401677382,-122
177542,177542,MiniPAT,DS,9,0,1,89,59,14:56:45 07-Feb-2019,MB,3,-3.4281,-88.1855,-3.4281,-88.1855,66,,401677382,-131
177542,177542,MiniPAT,DS,13,0,0,59,59,15:26:38 07-Feb-2019,MA,3,-3.4301,-88.1821,-3.4301,-88.1821,56,,401677382,-118
177542,177542,MiniPAT,DS,12,0,1,59,59,16:02:18 07-Feb-2019,MC,3,-3.4327,-88.1808,-3.4327,-88.1808,58,,401677383,-118
177542,177542,MiniPAT,DS,2,0,2,416,416,16:44:53 07-Feb-2019,MB,B,-3.4322,-88.1814,-3.4322,-88.1814,8,,401677383,-133
177542,177542,MiniPAT,DS,12,0,1,70,59,21:55:45 07-Feb-2019,NP,3,-3.4377,-88.1710,-3.4377,-88.1710,58,,401677382,-124
177542,177542,MiniPAT,DS,12,0,0,59,59,23:04:52 07-Feb-2019,SR,3,-3.4351,-88.1707,-3.4351,-88.1707,58,,401677381,-122
177542,177542,MiniPAT,DS,5,0,2,104,60,23:14:29 07-Feb-2019,NK,3,-3.4396,-88.1687,-3.4396,-88.1687,56,,401677384,-133
177542,177542,MiniPAT,DS,11,0,2,71,59,23:30:12 07-Feb-2019,NP,3,-3.4322,-88.1710,-3.4322,-88.1710,58,,401677382,-125
177542,177542,MiniPAT,DS,12,0,1,59,59,00:43:37 08-Feb-2019,SR,3,-3.4327,-88.1809,-3.4327,-88.1809,58,,401677381,-126
177542,177542,MiniPAT,DS,14,0,2,59,59,00:54:32 08-Feb-2019,NK,3,-3.4286,-88.1761,-3.4286,-88.1761,56,,401677382,-121
177542,177542,MiniPAT,DS,15,0,1,59,59,01:58:30 08-Feb-2019,NN,3,-3.4312,-88.1877,-3.4312,-88.1877,58,,401677382,-122
177542,177542,MiniPAT,DS,13,0,0,64,59,02:34:00 08-Feb-2019,MA,3,-3.4298,-88.1885,-3.4298,-88.1885,58,,401677382,-117
177542,177542,MiniPAT,DS,13,0,1,59,59,03:07:25 08-Feb-2019,MC,3,-3.4338,-88.1909,-3.4338,-88.1909,58,,401677382,-115
177542,177542,MiniPAT,DS,10,0,1,66,59,03:30:03 08-Feb-2019,NN,2,-3.4366,-88.1946,-3.4366,-88.1946,58,,401677384,-127
177542,177542,MiniPAT,DS,10,0,6,79,59,03:42:30 08-Feb-2019,MB,2,-3.4371,-88.1937,-3.4371,-88.1937,56,,401677382,-130
177542,177542,MiniPAT,DS,11,0,1,65,59,04:10:25 08-Feb-2019,MA,3,-3.4409,-88.1954,-3.4409,-88.1954,56,,401677382,-121
177542,177542,MiniPAT,DS,10,0,1,60,59,04:42:49 08-Feb-2019,MC,2,-3.4453,-88.1971,-3.4453,-88.1971,58,,401677380,-122
177542,177542,MiniPAT,DS,4,0,1,118,60,09:03:16 08-Feb-2019,NP,2,-3.4873,-88.1947,-3.4873,-88.1947,58,,401677379,-132
177542,177542,MiniPAT,DS,13,0,3,70,59,10:33:07 08-Feb-2019,NP,3,-3.4796,-88.2007,-3.4796,-88.2007,58,,401677386,-122
177542,177542,MiniPAT,DS,12,0,0,59,59,11:45:50 08-Feb-2019,SR,3,-3.4837,-88.2011,-3.4837,-88.2011,58,,401677385,-119
177542,177542,MiniPAT,DS,11,0,3,65,59,11:51:48 08-Feb-2019,NK,3,-3.4836,-88.2015,-3.4836,-88.2015,56,,401677386,-126
177542,177542,MiniPAT,DS,11,0,2,59,59,12:53:16 08-Feb-2019,NN,2,-3.4883,-88.2032,-3.4883,-88.2032,58,,401677384,-133
177542,177542,MiniPAT,DS,6,0,2,73,61,13:18:08 08-Feb-2019,SR,1,-3.4890,-88.2062,-3.4890,-88.2062,56,,401677390,-132
177542,177542,MiniPAT,DS,6,0,4,59,59,13:29:13 08-Feb-2019,MA,2,-3.4853,-88.2072,-3.4853,-88.2072,56,,401677385,-128
177542,177542,MiniPAT,DS,10,0,2,66,59,13:31:41 08-Feb-2019,NK,3,-3.4892,-88.2060,-3.4892,-88.2060,56,,401677384,-123
177542,177542,MiniPAT,DS,7,0,3,80,59,14:02:31 08-Feb-2019,MC,2,-3.4950,-88.2084,-3.4950,-88.2084,58,,401677383,-122
177542,177542,MiniPAT,DS,14,0,3,59,59,14:32:56 08-Feb-2019,NN,3,-3.4974,-88.2097,-3.4974,-88.2097,58,,401677384,-129
177542,177542,MiniPAT,DS,4,0,3,218,60,14:35:25 08-Feb-2019,MB,2,-3.4968,-88.2094,-3.4968,-88.2094,56,,401677382,-128
177542,177542,MiniPAT,DS,14,0,1,64,59,15:04:19 08-Feb-2019,MA,2,-3.4988,-88.2120,-3.4988,-88.2120,56,,401677385,-120
177542,177542,MiniPAT,DS,14,0,2,59,59,15:40:37 08-Feb-2019,MC,3,-3.5036,-88.2172,-3.5036,-88.2172,58,,401677382,-119
177542,177542,MiniPAT,DS,6,0,2,95,59,16:23:26 08-Feb-2019,MB,3,-3.5066,-88.2214,-3.5066,-88.2214,58,,401677381,-129
177542,177542,MiniPAT,DS,12,0,2,64,59,21:44:10 08-Feb-2019,NP,3,-3.5799,-88.2445,-3.5799,-88.2445,58,,401677378,-126
177542,177542,MiniPAT,DS,8,0,0,59,59,22:35:59 08-Feb-2019,SR,2,-3.5988,-88.2536,-3.5988,-88.2536,58,,401677380,-129
177542,177542,MiniPAT,DS,10,0,2,72,59,23:19:46 08-Feb-2019,NP,3,-3.6099,-88.2519,-3.6099,-88.2519,58,,401677379,-126
177542,177542,MiniPAT,DS,13,0,3,59,59,00:13:01 09-Feb-2019,SR,3,-3.6256,-88.2508,-3.6256,-88.2508,58,,401677380,-121
177542,177542,MiniPAT,DS,12,0,0,70,59,00:34:01 09-Feb-2019,NK,3,-3.6294,-88.2537,-3.6294,-88.2537,56,,401677380,-123
177542,177542,MiniPAT,DS,12,0,1,75,59,01:47:25 09-Feb-2019,NN,3,-3.6450,-88.2573,-3.6450,-88.2573,58,,401677381,-125
177542,177542,MiniPAT,DS,13,0,3,59,59,02:12:12 09-Feb-2019,MA,3,-3.6481,-88.2556,-3.6481,-88.2556,56,,401677381,-119
177542,177542,MiniPAT,DS,10,0,2,59,59,02:09:43 09-Feb-2019,NK,3,-3.6492,-88.2604,-3.6492,-88.2604,58,,401677381,-128
177542,177542,MiniPAT,DS,13,0,2,64,59,02:47:45 09-Feb-2019,MC,3,-3.6544,-88.2548,-3.6544,-88.2548,58,,401677381,-120
177542,177542,MiniPAT,DS,10,0,5,79,59,03:23:09 09-Feb-2019,MB,3,-3.6602,-88.2561,-3.6602,-88.2561,56,,401677381,-124
177542,177542,MiniPAT,DS,10,0,0,66,59,03:18:41 09-Feb-2019,NN,3,-3.6613,-88.2586,-3.6613,-88.2586,58,,401677381,-125
177542,177542,MiniPAT,DS,12,0,1,64,59,03:53:56 09-Feb-2019,MA,3,-3.6664,-88.2570,-3.6664,-88.2570,58,,401677381,-118
177542,177542,MiniPAT,DS,11,0,1,65,59,04:22:13 09-Feb-2019,MC,3,-3.6753,-88.2553,-3.6753,-88.2553,56,,401677383,-119
177542,177542,MiniPAT,DS,5,0,4,59,59,08:48:55 09-Feb-2019,NP,1,-3.6844,-88.2537,-3.6844,-88.2537,58,,401677391,-135
177542,177542,MiniPAT,DS,14,0,3,59,59,10:21:38 09-Feb-2019,NP,0,-3.7229,-88.2417,-3.7229,-88.2417,58,,401677385,-121
177542,177542,MiniPAT,DS,13,0,2,59,59,11:10:26 09-Feb-2019,SR,3,-3.7267,-88.2549,-3.7267,-88.2549,58,,401677384,-125
177542,177542,MiniPAT,DS,9,0,2,67,59,11:26:22 09-Feb-2019,NK,2,-3.7301,-88.2591,-3.7301,-88.2591,56,,401677387,-130
177542,177542,MiniPAT,DS,3,0,1,89,59,12:06:14 09-Feb-2019,NP,A,-3.7416,-88.2541,-3.7416,-88.2541,8,,401677387,-138
177542,177542,MiniPAT,DS,7,0,1,79,59,12:46:01 09-Feb-2019,NN,3,-3.7464,-88.2538,-3.7464,-88.2538,58,,401677386,-129
177542,177542,MiniPAT,DS,10,0,2,66,59,12:46:39 09-Feb-2019,SR,3,-3.7522,-88.2551,-3.7522,-88.2551,58,,401677385,-125
177542,177542,MiniPAT,DS,14,0,1,59,59,13:03:36 09-Feb-2019,NK,3,-3.7555,-88.2547,-3.7555,-88.2547,56,,401677384,-120
177542,177542,MiniPAT,DS,3,0,2,89,59,13:45:19 09-Feb-2019,MC,A,-3.7653,-88.2562,-3.7653,-88.2562,8,,401677387,-126
177542,177542,MiniPAT,DS,1,0,0,,,14:16:48 09-Feb-2019,MB,B,-3.7688,-88.2563,-3.7688,-88.2563,8,,401677383,-131
177542,177542,MiniPAT,DS,12,0,0,65,59,14:25:15 09-Feb-2019,NN,3,-3.7738,-88.2487,-3.7738,-88.2487,56,,401677383,-121
177542,177542,MiniPAT,DS,12,0,2,65,59,14:45:38 09-Feb-2019,MA,3,-3.7764,-88.2595,-3.7764,-88.2595,56,,401677384,-117
177542,177542,MiniPAT,DS,13,0,1,59,59,15:20:59 09-Feb-2019,MC,2,-3.7858,-88.2498,-3.7858,-88.2498,58,,401677383,-116
177542,177542,MiniPAT,DS,8,0,2,76,59,15:56:18 09-Feb-2019,MB,3,-3.7929,-88.2519,-3.7929,-88.2519,58,,401677382,-128
177542,177542,MiniPAT,DS,8,0,1,59,59,16:32:02 09-Feb-2019,MA,2,-3.7966,-88.2520,-3.7966,-88.2520,58,,401677381,-126
177542,177542,MiniPAT,DS,1,0,0,,,17:05:47 09-Feb-2019,MC,B,-3.8036,-88.2514,-3.8036,-88.2514,8,,401677380,-134
177542,177542,MiniPAT,DS,10,0,1,66,59,21:32:41 09-Feb-2019,NP,3,-3.8533,-88.2316,-3.8533,-88.2316,58,,401677378,-125
177542,177542,MiniPAT,DS,3,0,2,59,59,22:06:36 09-Feb-2019,SR,A,-3.8602,-88.2300,-3.8602,-88.2300,8,,401677378,-135
177542,177542,MiniPAT,DS,14,0,2,59,59,23:06:48 09-Feb-2019,NP,3,-3.8742,-88.2322,-3.8742,-88.2322,58,,401677380,-122
177542,177542,MiniPAT,DS,13,0,0,59,59,23:42:08 09-Feb-2019,SR,1,-3.8789,-88.2371,-3.8789,-88.2371,58,,401677380,-120
177542,177542,MiniPAT,DS,11,0,0,59,59,23:59:32 09-Feb-2019,NK,3,-3.8829,-88.2327,-3.8829,-88.2327,56,,401677380,-125
177542,177542,MiniPAT,DS,12,0,4,64,59,01:31:32 10-Feb-2019,NN,3,-3.8921,-88.2331,-3.8921,-88.2331,56,,401677380,-125
177542,177542,MiniPAT,DS,3,0,2,59,59,01:27:05 10-Feb-2019,SR,A,-3.9045,-88.2398,-3.9045,-88.2398,8,,401677376,-135
177542,177542,MiniPAT,DS,10,0,0,66,59,01:44:22 10-Feb-2019,NK,2,-3.8969,-88.2361,-3.8969,-88.2361,56,,401677381,-124
177542,177542,MiniPAT,DS,9,0,2,59,59,01:50:57 10-Feb-2019,MA,3,-3.8964,-88.2333,-3.8964,-88.2333,56,,401677382,-122
177542,177542,MiniPAT,DS,4,0,2,79,59,03:02:30 10-Feb-2019,MB,0,-3.8851,-88.3255,-3.8851,-88.3255,46,,401677413,-128
177542,177542,MiniPAT,DS,12,0,3,70,59,03:06:42 10-Feb-2019,NN,0,-3.9440,-88.2188,-3.9440,-88.2188,46,,401677425,-125
177542,177542,MiniPAT,DS,8,0,2,96,59,03:34:41 10-Feb-2019,MA,2,-3.9070,-88.2427,-3.9070,-88.2427,56,,401677385,-116
177542,177542,MiniPAT,DS,11,0,0,66,59,04:01:15 10-Feb-2019,MC,3,-3.9084,-88.2414,-3.9084,-88.2414,56,,401677384,-120
177542,177542,MiniPAT,DS,3,0,3,120,60,04:34:05 10-Feb-2019,MB,A,-3.9105,-88.2570,-3.9105,-88.2570,8,,401677380,-131
177542,177542,MiniPAT,DS,10,0,5,72,59,10:11:08 10-Feb-2019,NP,3,-3.9760,-88.2390,-3.9760,-88.2390,58,,401677384,-127
177542,177542,MiniPAT,DS,7,0,1,59,59,10:40:01 10-Feb-2019,SR,2,-3.9751,-88.2468,-3.9751,-88.2468,56,,401677382,-130
177542,177542,MiniPAT,DS,3,0,1,120,61,11:03:56 10-Feb-2019,NK,A,-3.9788,-88.2416,-3.9788,-88.2416,6,,401677386,-135
177542,177542,MiniPAT,DS,7,0,2,69,59,11:54:44 10-Feb-2019,NP,2,-3.9959,-88.2469,-3.9959,-88.2469,58,,401677383,-130
177542,177542,MiniPAT,DS,12,0,2,65,59,12:13:38 10-Feb-2019,SR,3,-3.9972,-88.2506,-3.9972,-88.2506,56,,401677383,-123
177542,177542,MiniPAT,DS,2,0,1,178,178,12:34:02 10-Feb-2019,NN,B,-4.0001,-88.2550,-4.0001,-88.2550,6,,401677383,-133
177542,177542,MiniPAT,DS,13,0,5,64,59,12:38:28 10-Feb-2019,NK,2,-4.0037,-88.2516,-4.0037,-88.2516,56,,401677384,-120
177542,177542,MiniPAT,DS,13,0,1,59,59,14:09:05 10-Feb-2019,NN,0,-4.0240,-88.2681,-4.0240,-88.2681,58,,401677383,-129
177542,177542,MiniPAT,DS,13,0,1,64,59,14:25:39 10-Feb-2019,MA,3,-4.0280,-88.2657,-4.0280,-88.2657,56,,401677385,-120
177542,177542,MiniPAT,DS,12,0,1,71,59,15:00:49 10-Feb-2019,MC,3,-4.0363,-88.2698,-4.0363,-88.2698,58,,401677382,-115
177542,177542,MiniPAT,DS,9,0,6,82,59,15:33:54 10-Feb-2019,MB,3,-4.0454,-88.2697,-4.0454,-88.2697,58,,401677382,-125
177542,177542,MiniPAT,DS,3,0,1,62,61,15:55:58 10-Feb-2019,NN,A,-4.0455,-88.2657,-4.0455,-88.2657,6,,401677383,-140
177542,177542,MiniPAT,DS,8,0,0,68,59,16:10:56 10-Feb-2019,MA,2,-4.0512,-88.2719,-4.0512,-88.2719,58,,401677382,-119
177542,177542,MiniPAT,DS,6,0,2,71,59,16:47:48 10-Feb-2019,MC,1,-4.0603,-88.2747,-4.0603,-88.2747,58,,401677381,-124
177542,177542,MiniPAT,DS,10,0,2,60,59,21:21:08 10-Feb-2019,NP,2,-4.1138,-88.3056,-4.1138,-88.3056,58,,401677380,-129
177542,177542,MiniPAT,DS,13,0,1,64,59,22:54:27 10-Feb-2019,NP,3,-4.1497,-88.3271,-4.1497,-88.3271,58,,401677381,-121
177542,177542,MiniPAT,DS,11,0,1,65,59,23:12:36 10-Feb-2019,SR,3,-4.1538,-88.3283,-4.1538,-88.3283,56,,401677383,-122
177542,177542,MiniPAT,DS,10,0,4,60,59,23:42:01 10-Feb-2019,NK,3,-4.1637,-88.3280,-4.1637,-88.3280,56,,401677382,-129
177542,177542,MiniPAT,DS,10,0,4,66,59,00:50:21 11-Feb-2019,SR,3,-4.1888,-88.3441,-4.1888,-88.3441,58,,401677382,-124
177542,177542,MiniPAT,DS,9,0,1,74,59,01:12:49 11-Feb-2019,NN,2,-4.1915,-88.3476,-4.1915,-88.3476,56,,401677382,-129
177542,177542,MiniPAT,DS,13,0,3,64,59,01:15:33 11-Feb-2019,NK,3,-4.1919,-88.3482,-4.1919,-88.3482,56,,401677383,-120
177542,177542,MiniPAT,DS,5,0,0,89,59,02:05:19 11-Feb-2019,MC,1,-4.2088,-88.3520,-4.2088,-88.3520,58,,401677385,-126
177542,177542,MiniPAT,DS,3,0,2,240,62,02:39:48 11-Feb-2019,MB,A,-4.2180,-88.3633,-4.2180,-88.3633,8,,401677385,-130
177542,177542,MiniPAT,DS,11,0,1,59,59,02:59:21 11-Feb-2019,NN,3,-4.2234,-88.3678,-4.2234,-88.3678,56,,401677384,-124
177542,177542,MiniPAT,DS,1,0,0,,,03:00:51 11-Feb-2019,MA,B,-4.2235,-88.3680,-4.2235,-88.3680,6,,401677384,-130
